invoice_id,sale_id,created_at,value
1,506,2020-11-25,80000
2,636,2020-03-09,80000
3,699,2021-05-14,180000
4,1486,2020-09-27,40000
5,598,2019-06-12,120000
6,99,2020-03-04,160000
7,1992,2021-03-29,200000
8,743,2019-09-04,100000
9,375,2021-12-13,120000
10,1067,2021-03-20,180000
11,1111,2020-07-20,120000
12,120,2019-03-27,160000
13,182,2021-10-15,180000
14,25,2020-08-22,200000
15,615,2021-02-06,100000
16,1697,2019-08-11,120000
17,1164,2021-12-10,60000
18,541,2021-09-29,40000
19,520,2019-03-04,120000
20,1203,2020-03-25,100000
21,1240,2020-04-24,60000
22,1796,2021-04-13,100000
23,1355,2021-03-28,140000
24,1569,2019-03-07,200000
25,592,2019-01-07,100000
26,22,2019-01-28,160000
27,1864,2019-12-21,100000
28,626,2019-09-28,60000
29,1436,2021-02-17,140000
30,1312,2021-07-20,180000
31,978,2021-02-21,40000
32,1468,2021-11-14,120000
33,872,2020-04-16,20000
34,676,2021-06-03,200000
35,1208,2020-10-07,160000
36,1645,2021-02-03,100000
37,235,2020-08-08,40000
38,1287,2019-06-27,140000
39,1984,2020-02-28,140000
40,616,2021-06-28,100000
41,171,2021-04-30,180000
42,1183,2019-11-02,180000
43,502,2019-11-16,200000
44,290,2019-12-24,100000
45,1537,2019-03-08,80000
46,1483,2019-11-08,40000
47,982,2021-01-27,20000
48,581,2021-11-20,200000
49,1302,2021-05-23,60000
50,801,2021-04-03,180000
51,1277,2020-08-04,160000
52,474,2021-07-02,40000
53,1260,2021-12-12,60000
54,640,2019-05-14,100000
55,1967,2019-09-07,80000
56,1577,2019-02-17,140000
57,1786,2021-12-10,160000
58,134,2019-04-30,180000
59,1726,2020-08-14,200000
60,1175,2021-04-22,60000
61,537,2019-08-19,160000
62,1075,2021-10-03,60000
63,194,2021-08-03,180000
64,1025,2021-05-17,40000
65,1720,2020-12-05,80000
66,361,2019-05-16,200000
67,1099,2021-09-26,60000
68,344,2020-05-25,20000
69,795,2019-12-29,80000
70,473,2019-07-27,80000
71,408,2021-11-19,60000
72,936,2021-02-07,120000
73,1708,2020-09-06,160000
74,1725,2020-09-24,140000
75,974,2021-09-14,160000
76,1367,2019-09-02,100000
77,1506,2020-01-08,160000
78,877,2021-10-01,100000
79,826,2019-08-23,100000
80,487,2021-10-01,120000
81,37,2020-06-19,180000
82,1495,2019-09-09,40000
83,928,2020-12-08,200000
84,40,2020-04-09,40000
85,63,2021-01-11,100000
86,279,2019-06-27,140000
87,355,2020-11-12,60000
88,116,2020-07-03,60000
89,1156,2021-05-12,180000
90,1130,2019-07-17,40000
91,356,2021-08-27,120000
92,1318,2020-03-08,60000
93,338,2019-09-20,140000
94,165,2019-05-14,100000
95,1296,2020-05-05,160000
96,168,2020-06-07,20000
97,664,2020-05-19,140000
98,891,2019-07-19,60000
99,1940,2019-10-17,200000
100,374,2021-12-10,140000
101,1722,2020-02-15,60000
102,1432,2021-12-18,20000
103,693,2020-04-18,120000
104,1601,2020-07-03,20000
105,871,2020-07-16,140000
106,1931,2021-08-25,20000
107,590,2020-04-29,20000
108,1004,2019-09-11,40000
109,113,2021-10-22,200000
110,1424,2020-07-22,40000
111,329,2019-10-26,180000
112,1884,2021-03-22,160000
113,1990,2021-01-20,160000
114,1032,2021-10-26,80000
115,482,2020-03-26,60000
116,84,2019-07-07,40000
117,988,2021-01-04,40000
118,135,2021-10-29,100000
119,1908,2021-03-01,80000
120,1840,2020-05-08,120000
121,971,2021-11-25,180000
122,1047,2019-09-21,140000
123,1706,2019-12-19,100000
124,310,2021-04-29,140000
125,17,2021-08-27,20000
126,1285,2021-09-13,140000
127,1221,2021-07-29,180000
128,1127,2019-11-24,120000
129,1455,2021-08-19,60000
130,283,2021-10-26,200000
131,1230,2019-02-21,80000
132,291,2019-06-23,160000
133,1208,2021-09-21,40000
134,1378,2020-07-07,60000
135,1525,2021-12-24,200000
136,486,2021-05-08,140000
137,1389,2021-06-04,160000
138,532,2019-01-13,200000
139,1509,2021-02-02,100000
140,178,2021-10-11,180000
141,1917,2021-01-14,40000
142,10,2021-07-15,40000
143,69,2021-11-10,140000
144,1963,2019-05-19,180000
145,1818,2019-02-19,60000
146,1582,2021-04-21,60000
147,1478,2020-02-09,20000
148,1719,2021-02-16,200000
149,1799,2020-02-14,40000
150,1046,2019-07-26,200000
151,569,2020-06-12,160000
152,178,2020-05-28,120000
153,393,2020-02-06,180000
154,1033,2020-09-06,180000
155,1485,2019-03-10,200000
156,1265,2020-10-16,160000
157,1799,2019-03-26,40000
158,218,2021-03-20,100000
159,19,2020-01-07,200000
160,1831,2020-12-06,40000
161,82,2021-03-06,180000
162,47,2019-01-27,160000
163,586,2019-08-23,200000
164,400,2020-09-01,180000
165,1220,2021-05-08,120000
166,863,2021-07-19,40000
167,1103,2020-08-15,200000
168,1456,2019-04-28,40000
169,912,2021-03-05,120000
170,1301,2021-12-16,120000
171,371,2021-08-13,40000
172,731,2021-12-07,200000
173,1586,2020-03-13,80000
174,348,2019-07-12,180000
175,432,2019-06-04,200000
176,1084,2021-06-10,180000
177,1386,2021-03-17,100000
178,1166,2020-01-10,20000
179,1401,2020-08-15,80000
180,1250,2021-05-09,160000
181,1317,2020-01-06,180000
182,1799,2020-10-11,80000
183,122,2019-09-19,180000
184,884,2020-11-13,20000
185,869,2020-04-27,140000
186,1215,2019-08-14,100000
187,347,2020-03-22,180000
188,473,2021-09-28,120000
189,58,2021-11-09,120000
190,466,2020-07-23,60000
191,609,2020-08-25,160000
192,1751,2020-12-24,140000
193,1363,2021-08-08,60000
194,653,2020-04-16,20000
195,673,2020-12-21,60000
196,1096,2019-07-12,40000
197,1046,2019-02-22,20000
198,421,2021-02-09,180000
199,919,2021-01-17,160000
200,338,2019-01-16,100000
201,115,2020-07-08,60000
202,70,2019-09-24,180000
203,493,2020-10-30,160000
204,1244,2019-06-14,160000
205,1601,2019-01-10,80000
206,613,2020-02-03,140000
207,1377,2019-09-09,20000
208,403,2019-06-14,200000
209,1820,2020-07-18,80000
210,1040,2020-05-27,120000
211,459,2021-08-02,180000
212,1911,2019-10-07,160000
213,1504,2019-05-01,140000
214,905,2020-10-08,60000
215,1686,2021-04-03,180000
216,749,2019-07-11,20000
217,308,2020-04-04,60000
218,894,2019-04-20,80000
219,1216,2021-09-23,40000
220,688,2020-01-23,40000
221,990,2021-07-03,200000
222,1718,2020-07-29,200000
223,1212,2019-04-30,140000
224,1066,2020-09-12,40000
225,1015,2019-05-01,80000
226,1728,2019-10-18,160000
227,1070,2021-09-24,40000
228,322,2019-03-12,40000
229,913,2019-06-17,180000
230,1434,2021-02-26,20000
231,1636,2021-02-20,180000
232,94,2020-05-02,140000
233,1583,2021-11-29,200000
234,1391,2020-08-17,200000
235,220,2020-11-23,100000
236,711,2019-08-18,200000
237,1051,2020-08-05,120000
238,1295,2019-09-08,80000
239,795,2019-12-13,200000
240,610,2021-05-04,100000
241,662,2021-01-29,60000
242,732,2019-09-15,100000
243,1525,2021-07-21,100000
244,1769,2021-10-22,180000
245,286,2020-12-27,160000
246,471,2020-04-05,160000
247,520,2019-12-07,100000
248,822,2019-07-30,40000
249,501,2019-05-24,60000
250,1247,2021-02-26,140000
251,1838,2020-02-25,140000
252,1651,2020-07-15,40000
253,1331,2019-02-23,200000
254,889,2019-06-15,120000
255,1971,2020-01-22,20000
256,304,2020-06-20,200000
257,1471,2019-02-01,60000
258,1697,2020-11-17,160000
259,498,2020-05-01,140000
260,1578,2021-04-25,160000
261,1805,2021-09-26,160000
262,923,2020-10-04,140000
263,972,2020-04-10,100000
264,1453,2020-01-08,60000
265,1428,2021-03-17,160000
266,1654,2021-11-20,100000
267,606,2020-01-16,60000
268,207,2020-05-17,140000
269,1205,2021-04-18,80000
270,1314,2021-01-28,180000
271,368,2021-03-01,160000
272,1356,2020-10-10,40000
273,1912,2021-01-02,160000
274,163,2020-08-28,60000
275,1940,2021-06-12,120000
276,1290,2021-06-04,100000
277,1966,2021-08-26,80000
278,561,2021-06-02,140000
279,1361,2020-02-22,40000
280,158,2020-11-26,40000
281,968,2019-04-23,100000
282,844,2019-08-08,140000
283,1432,2020-12-29,160000
284,1503,2021-10-26,160000
285,1273,2021-11-23,20000
286,1078,2020-10-27,60000
287,1197,2020-02-09,20000
288,1398,2019-01-18,80000
289,624,2021-04-01,20000
290,311,2020-05-04,20000
291,531,2019-12-23,100000
292,363,2020-06-08,80000
293,1432,2019-09-05,200000
294,128,2021-01-07,60000
295,89,2021-09-16,160000
296,142,2020-12-13,200000
297,1094,2019-02-24,200000
298,1091,2021-06-30,180000
299,1353,2020-09-08,160000
300,464,2019-09-10,40000
301,184,2019-08-14,20000
302,145,2020-11-24,180000
303,691,2020-07-31,160000
304,1127,2021-04-20,140000
305,567,2021-08-07,120000
306,961,2020-09-05,140000
307,966,2019-01-21,140000
308,1344,2021-10-26,100000
309,103,2020-08-28,60000
310,996,2021-01-12,40000
311,18,2021-12-10,120000
312,98,2020-07-13,80000
313,1004,2019-06-13,180000
314,1543,2020-03-06,60000
315,1259,2021-05-29,60000
316,1510,2020-03-15,200000
317,1292,2019-10-25,60000
318,1448,2019-06-13,160000
319,1704,2020-03-03,200000
320,1498,2021-06-06,40000
321,93,2021-09-14,200000
322,1200,2021-04-04,120000
323,1458,2021-12-30,40000
324,1868,2021-10-31,140000
325,334,2021-11-08,180000
326,1218,2019-07-25,180000
327,369,2020-06-09,160000
328,1568,2020-04-10,160000
329,1705,2021-06-08,60000
330,590,2020-01-12,60000
331,1603,2021-07-04,140000
332,765,2019-10-16,180000
333,661,2019-11-30,60000
334,375,2021-01-15,200000
335,130,2019-04-08,100000
336,1282,2019-09-17,100000
337,497,2021-04-23,160000
338,730,2021-04-24,100000
339,1775,2020-01-13,60000
340,888,2020-04-04,120000
341,1267,2020-04-19,40000
342,804,2021-05-02,180000
343,989,2021-11-20,100000
344,28,2019-10-24,60000
345,701,2020-12-04,160000
346,83,2019-08-22,40000
347,719,2021-08-22,180000
348,250,2021-04-24,160000
349,1830,2020-07-09,120000
350,521,2019-12-01,120000
351,53,2021-08-04,160000
352,1088,2021-08-10,20000
353,1132,2021-07-11,60000
354,1668,2019-03-02,120000
355,577,2021-07-16,20000
356,764,2021-06-20,120000
357,1532,2019-05-03,80000
358,1551,2020-04-06,100000
359,1061,2019-08-01,40000
360,1589,2019-02-19,180000
361,1961,2021-01-02,20000
362,1664,2021-12-25,40000
363,1994,2020-06-30,20000
364,1373,2020-09-13,100000
365,1841,2021-10-24,140000
366,241,2021-06-15,60000
367,553,2020-05-31,20000
368,20,2021-02-20,40000
369,1010,2020-09-20,100000
370,1497,2021-12-05,40000
371,1533,2020-06-27,140000
372,500,2020-01-26,180000
373,1832,2021-01-17,20000
374,414,2021-06-14,20000
375,696,2020-07-08,120000
376,636,2021-11-29,40000
377,1096,2020-01-15,40000
378,454,2021-07-08,180000
379,754,2019-06-29,200000
380,387,2021-04-26,80000
381,286,2019-05-12,120000
382,794,2020-03-17,40000
383,1549,2019-07-25,100000
384,1112,2021-04-17,80000
385,1782,2021-03-12,180000
386,1177,2019-06-30,180000
387,572,2020-05-29,20000
388,359,2020-12-06,60000
389,1806,2019-02-08,20000
390,303,2020-06-27,60000
391,1197,2019-06-18,140000
392,1300,2021-12-20,140000
393,504,2020-02-10,20000
394,1129,2021-06-02,40000
395,1766,2020-06-18,160000
396,562,2019-06-14,20000
397,684,2019-06-27,100000
398,1125,2019-04-05,180000
399,1990,2020-02-20,160000
400,1605,2021-07-24,80000
401,765,2021-03-07,100000
402,2,2020-09-27,100000
403,106,2020-03-08,20000
404,177,2021-01-24,180000
405,20,2021-06-15,120000
406,1820,2021-12-27,160000
407,1587,2020-06-02,60000
408,540,2019-08-03,100000
409,19,2021-03-29,80000
410,124,2020-06-29,200000
411,1946,2020-05-15,20000
412,786,2020-12-15,120000
413,193,2020-02-03,20000
414,113,2020-03-09,160000
415,824,2020-11-17,120000
416,1451,2021-01-05,160000
417,717,2019-10-07,120000
418,1253,2020-09-03,80000
419,614,2019-08-27,60000
420,1297,2019-06-04,200000
421,974,2021-09-01,200000
422,226,2020-08-26,60000
423,581,2021-10-16,60000
424,1303,2020-07-27,60000
425,722,2021-02-09,140000
426,939,2021-04-10,180000
427,300,2021-12-29,140000
428,294,2020-05-26,140000
429,1142,2020-01-15,100000
430,572,2021-09-06,180000
431,368,2021-06-25,100000
432,1398,2021-01-21,20000
433,343,2019-03-08,20000
434,1321,2021-11-08,20000
435,1716,2020-06-16,140000
436,1841,2021-06-25,80000
437,1698,2019-11-20,200000
438,1261,2019-03-16,80000
439,1578,2019-11-08,160000
440,1089,2019-08-04,40000
441,1653,2020-05-08,180000
442,5,2021-11-21,20000
443,1844,2019-05-21,120000
444,192,2019-08-13,120000
445,1227,2020-07-13,60000
446,490,2021-09-06,140000
447,248,2019-10-25,120000
448,294,2021-08-21,180000
449,1260,2021-04-30,140000
450,1639,2020-05-14,80000
451,281,2020-08-09,180000
452,382,2020-01-31,200000
453,1712,2021-02-26,60000
454,224,2021-12-05,20000
455,1048,2021-04-16,120000
456,456,2020-05-09,60000
457,1806,2021-08-17,120000
458,881,2019-08-14,60000
459,1812,2020-07-27,140000
460,196,2020-03-13,100000
461,762,2019-01-27,140000
462,1934,2019-11-05,140000
463,57,2020-01-06,20000
464,634,2021-05-12,20000
465,1552,2021-12-17,80000
466,1779,2021-07-13,160000
467,7,2020-04-02,200000
468,1643,2021-06-22,140000
469,1586,2020-05-02,80000
470,1150,2020-07-31,200000
471,1146,2020-10-06,200000
472,1536,2020-02-27,120000
473,877,2021-05-01,200000
474,1236,2020-12-13,180000
475,777,2019-03-14,200000
476,1724,2021-03-09,200000
477,726,2021-12-30,140000
478,1478,2019-07-09,180000
479,330,2019-03-25,40000
480,1834,2021-04-16,100000
481,1312,2021-12-29,140000
482,1159,2021-12-18,60000
483,293,2021-11-18,20000
484,1251,2021-08-03,100000
485,603,2020-02-19,100000
486,1604,2021-09-09,80000
487,1626,2021-10-28,100000
488,818,2019-08-13,80000
489,418,2020-12-02,180000
490,1411,2019-12-01,200000
491,459,2019-10-07,160000
492,366,2021-01-02,100000
493,824,2020-09-09,200000
494,191,2020-07-13,180000
495,123,2020-02-29,80000
496,128,2020-12-31,40000
497,719,2019-08-22,20000
498,1664,2021-04-08,20000
499,783,2020-03-13,200000
500,1581,2021-08-22,100000
501,146,2021-06-30,100000
502,1573,2019-09-08,180000
503,416,2019-07-28,100000
504,300,2020-10-15,40000
505,1904,2020-05-07,20000
506,1679,2020-01-17,60000
507,1392,2020-04-30,100000
508,1942,2019-03-25,80000
509,730,2021-09-18,80000
510,1077,2021-04-13,20000
511,1482,2019-12-11,120000
512,1071,2021-01-31,60000
513,1203,2020-10-21,140000
514,539,2020-02-15,180000
515,1864,2020-08-03,200000
516,1686,2020-07-22,180000
517,1406,2021-05-09,180000
518,1855,2021-08-18,140000
519,41,2019-04-13,140000
520,764,2020-12-07,140000
521,1707,2021-03-03,200000
522,880,2021-10-23,20000
523,556,2019-03-09,20000
524,1236,2020-08-03,140000
525,512,2020-11-10,160000
526,635,2021-08-16,40000
527,362,2021-08-03,80000
528,1824,2020-05-20,100000
529,1447,2019-08-01,120000
530,390,2019-09-11,160000
531,808,2019-05-15,60000
532,505,2020-08-26,140000
533,1834,2021-03-04,120000
534,466,2021-12-19,20000
535,630,2021-10-30,100000
536,252,2019-09-22,100000
537,1981,2019-04-23,140000
538,88,2019-06-17,140000
539,531,2021-01-09,40000
540,96,2021-09-23,140000
541,1844,2019-07-18,160000
542,1448,2021-04-29,20000
543,122,2019-08-04,60000
544,500,2021-07-31,60000
545,1436,2021-09-10,140000
546,1947,2019-01-03,200000
547,895,2021-07-20,100000
548,1421,2019-01-03,80000
549,674,2019-05-12,20000
550,923,2020-03-05,140000
551,325,2020-08-31,60000
552,1646,2019-06-22,20000
553,1524,2021-05-24,160000
554,712,2021-04-02,200000
555,1831,2020-04-20,180000
556,1325,2019-09-19,20000
557,1881,2021-08-24,20000
558,1817,2020-12-05,80000
559,1301,2019-09-04,180000
560,1610,2020-05-04,200000
561,1628,2019-01-18,140000
562,1191,2019-09-29,20000
563,122,2021-10-13,160000
564,1188,2020-02-08,20000
565,427,2020-04-20,200000
566,1871,2019-01-05,140000
567,1088,2021-05-31,200000
568,399,2021-06-03,100000
569,344,2021-01-01,20000
570,531,2020-04-01,60000
571,877,2020-06-16,80000
572,1135,2020-07-24,200000
573,260,2019-07-20,80000
574,1925,2021-01-31,80000
575,186,2021-10-16,80000
576,1787,2021-07-11,100000
577,8,2020-08-08,100000
578,1625,2021-12-13,180000
579,957,2019-01-31,160000
580,1683,2021-05-15,80000
581,1340,2021-05-02,40000
582,449,2021-04-08,80000
583,1254,2021-11-30,120000
584,100,2021-09-27,120000
585,1118,2021-05-23,20000
586,1261,2020-04-09,80000
587,69,2020-11-02,200000
588,59,2020-06-14,20000
589,1460,2021-04-12,120000
590,1998,2019-01-27,40000
591,1541,2020-02-27,100000
592,1200,2020-04-24,120000
593,600,2021-04-24,180000
594,1239,2020-04-24,120000
595,505,2020-11-14,160000
596,1290,2019-09-25,20000
597,1271,2020-05-26,100000
598,4,2021-05-21,40000
599,299,2019-03-07,120000
600,1936,2020-02-13,20000
601,1188,2019-01-27,200000
602,1984,2020-07-28,80000
603,1789,2020-01-30,20000
604,431,2019-04-16,120000
605,453,2019-05-15,140000
606,659,2021-06-08,120000
607,1624,2020-08-20,160000
608,1789,2021-04-20,60000
609,80,2019-04-24,180000
610,1718,2019-02-06,200000
611,828,2019-12-17,20000
612,152,2020-04-15,120000
613,683,2019-08-17,60000
614,24,2020-01-04,100000
615,190,2021-03-30,180000
616,469,2021-04-21,20000
617,1645,2019-08-20,120000
618,636,2020-05-15,100000
619,1959,2019-03-12,40000
620,883,2019-07-02,80000
621,143,2021-01-04,60000
622,1200,2020-02-03,200000
623,107,2019-05-22,100000
624,1603,2019-07-12,200000
625,1882,2021-04-27,60000
626,1443,2021-06-17,120000
627,1102,2021-06-08,160000
628,1168,2019-10-05,120000
629,1640,2021-12-06,40000
630,317,2021-01-21,120000
631,1527,2020-09-29,120000
632,1411,2019-04-14,80000
633,1056,2021-05-28,140000
634,1586,2020-05-03,20000
635,12,2021-02-02,140000
636,55,2020-07-20,100000
637,435,2020-08-21,20000
638,1748,2020-04-29,80000
639,672,2020-10-03,20000
640,1379,2019-03-31,120000
641,1994,2021-02-23,20000
642,943,2021-06-02,60000
643,1139,2020-04-22,160000
644,954,2019-03-15,100000
645,31,2021-07-24,60000
646,1410,2021-03-15,80000
647,35,2020-03-19,180000
648,580,2020-04-10,180000
649,206,2021-06-03,180000
650,1292,2021-05-01,200000
651,1673,2019-04-08,160000
652,202,2021-03-04,100000
653,757,2021-02-05,60000
654,777,2021-11-20,80000
655,1598,2020-06-04,180000
656,1342,2021-09-08,160000
657,1066,2019-12-22,160000
658,1842,2020-07-23,200000
659,1026,2019-11-15,200000
660,1485,2021-03-07,180000
661,1221,2019-03-29,140000
662,1563,2019-12-20,20000
663,514,2020-06-17,60000
664,1072,2021-05-19,200000
665,1940,2019-05-08,120000
666,1217,2020-05-19,20000
667,1683,2020-03-26,180000
668,1286,2020-09-14,40000
669,20,2020-11-28,40000
670,802,2021-07-30,180000
671,1180,2021-08-16,40000
672,746,2020-11-05,120000
673,1684,2019-06-13,160000
674,1992,2021-01-12,160000
675,291,2021-12-15,180000
676,1108,2020-06-10,40000
677,488,2021-06-21,60000
678,417,2020-10-17,120000
679,919,2020-09-24,160000
680,44,2020-10-31,160000
681,931,2021-07-11,100000
682,953,2019-06-12,100000
683,1205,2021-06-25,140000
684,950,2021-01-25,20000
685,1777,2019-07-02,160000
686,221,2020-03-27,180000
687,509,2019-01-27,80000
688,213,2021-08-20,160000
689,958,2019-12-13,40000
690,389,2019-09-03,120000
691,480,2020-04-07,160000
692,457,2020-06-01,20000
693,219,2020-09-09,60000
694,997,2019-10-21,180000
695,1004,2021-01-14,140000
696,445,2021-06-25,180000
697,1978,2021-05-03,80000
698,1564,2020-11-14,60000
699,1918,2020-04-23,100000
700,66,2021-10-26,80000
701,1260,2020-09-23,60000
702,90,2021-06-21,140000
703,1833,2019-11-11,200000
704,566,2021-08-18,120000
705,1395,2019-03-28,200000
706,1816,2021-09-10,140000
707,545,2019-09-29,200000
708,862,2019-06-01,160000
709,709,2021-05-20,140000
710,678,2021-11-22,60000
711,1832,2019-10-01,40000
712,1942,2020-02-03,180000
713,1627,2019-03-12,140000
714,1693,2020-11-29,40000
715,307,2020-06-15,60000
716,1166,2020-09-12,120000
717,874,2019-03-02,200000
718,844,2020-07-27,180000
719,1831,2020-03-27,40000
720,1099,2019-02-02,180000
721,955,2020-01-07,60000
722,1607,2020-08-30,100000
723,882,2019-03-09,100000
724,299,2020-10-05,20000
725,1699,2021-01-31,140000
726,1060,2020-07-18,40000
727,2000,2021-05-17,100000
728,1448,2019-05-27,120000
729,1808,2019-01-11,100000
730,442,2019-08-21,80000
731,1254,2019-06-30,80000
732,1874,2019-09-21,100000
733,1637,2019-11-16,100000
734,886,2021-11-14,100000
735,1261,2020-05-12,40000
736,1050,2020-09-20,120000
737,20,2020-02-19,100000
738,1977,2021-04-15,100000
739,562,2021-07-27,200000
740,1131,2019-12-12,20000
741,372,2019-04-05,160000
742,790,2019-10-12,140000
743,754,2019-02-20,40000
744,1837,2019-01-11,140000
745,457,2021-07-06,200000
746,427,2020-04-18,200000
747,1685,2019-09-02,80000
748,679,2019-09-25,200000
749,1486,2021-09-12,140000
750,795,2020-11-11,180000
751,154,2019-01-11,80000
752,166,2019-10-24,40000
753,1708,2019-08-03,80000
754,1520,2019-03-14,160000
755,506,2021-12-05,60000
756,1452,2020-04-19,100000
757,247,2021-11-25,80000
758,1746,2021-01-21,20000
759,1579,2021-07-07,60000
760,1743,2021-10-22,200000
761,814,2021-06-03,140000
762,732,2020-11-02,180000
763,984,2020-10-06,60000
764,702,2021-09-29,100000
765,1142,2020-08-06,100000
766,1103,2021-08-22,100000
767,1017,2019-09-20,100000
768,185,2020-03-13,120000
769,1754,2020-01-26,40000
770,1238,2021-09-08,20000
771,729,2020-02-02,20000
772,30,2021-06-18,100000
773,1984,2020-10-18,140000
774,486,2020-05-30,100000
775,1793,2019-03-27,100000
776,1462,2020-12-20,20000
777,219,2021-03-24,140000
778,194,2021-08-25,100000
779,1323,2021-03-15,180000
780,15,2021-07-16,20000
781,335,2021-01-21,60000
782,1712,2021-09-29,100000
783,946,2020-01-04,60000
784,1126,2020-09-19,40000
785,1596,2021-01-06,200000
786,583,2019-05-27,80000
787,1429,2020-05-30,100000
788,1107,2019-05-04,40000
789,522,2020-09-09,140000
790,288,2021-02-01,140000
791,982,2020-06-22,140000
792,1602,2021-09-04,40000
793,1994,2020-12-24,100000
794,63,2021-09-20,60000
795,966,2021-04-19,80000
796,504,2019-06-29,120000
797,1607,2021-04-27,160000
798,153,2019-04-01,180000
799,52,2020-12-17,40000
800,1809,2021-02-09,200000
801,1913,2021-01-30,60000
802,1495,2020-01-12,20000
803,1352,2021-05-05,60000
804,181,2019-04-24,200000
805,1629,2020-11-04,120000
806,1310,2020-08-25,40000
807,1537,2021-02-13,60000
808,1519,2020-10-23,180000
809,235,2019-05-23,20000
810,508,2021-05-31,160000
811,874,2021-07-26,20000
812,1538,2020-10-18,200000
813,1160,2019-03-29,60000
814,1394,2021-11-02,120000
815,1446,2019-03-24,20000
816,450,2020-04-22,100000
817,1067,2021-07-10,40000
818,63,2021-04-04,120000
819,57,2019-02-12,40000
820,908,2021-05-13,180000
821,952,2020-11-24,20000
822,1520,2019-05-30,80000
823,386,2021-07-25,140000
824,1972,2020-10-11,20000
825,1654,2019-12-22,40000
826,848,2019-12-27,80000
827,56,2019-08-21,20000
828,1864,2021-05-24,200000
829,845,2021-01-04,140000
830,1855,2019-06-29,140000
831,559,2020-03-26,160000
832,1188,2021-05-03,200000
833,1113,2020-07-20,120000
834,1066,2019-03-03,80000
835,1817,2019-01-30,60000
836,111,2021-09-24,140000
837,529,2019-09-20,180000
838,464,2021-12-05,160000
839,412,2019-09-17,120000
840,438,2020-07-17,160000
841,771,2019-02-26,40000
842,1754,2021-03-08,20000
843,1496,2021-07-25,80000
844,935,2021-10-08,200000
845,1696,2020-05-01,140000
846,480,2019-06-14,60000
847,185,2019-05-10,180000
848,615,2020-06-23,60000
849,134,2021-05-25,120000
850,220,2021-11-26,60000
851,1122,2020-10-28,160000
852,467,2019-08-09,140000
853,784,2019-06-22,140000
854,1419,2020-11-08,200000
855,672,2019-11-20,40000
856,897,2021-09-02,100000
857,1171,2019-01-26,80000
858,1270,2021-05-20,200000
859,98,2019-09-07,200000
860,607,2019-01-18,20000
861,437,2019-01-09,140000
862,594,2021-07-02,120000
863,608,2021-01-12,180000
864,603,2021-06-06,60000
865,857,2021-01-01,20000
866,391,2020-07-08,20000
867,611,2021-12-17,160000
868,1486,2019-08-31,200000
869,1621,2019-11-05,180000
870,471,2019-09-01,160000
871,873,2019-11-07,180000
872,1787,2021-12-08,20000
873,499,2021-09-06,20000
874,520,2021-01-12,200000
875,230,2020-06-20,180000
876,77,2020-01-11,200000
877,1006,2020-10-10,60000
878,68,2019-02-16,140000
879,1627,2021-03-12,120000
880,905,2020-03-31,20000
881,1916,2020-08-05,200000
882,1674,2021-09-14,40000
883,1168,2020-10-05,40000
884,1809,2021-04-10,200000
885,1085,2021-05-14,40000
886,14,2021-02-01,40000
887,1485,2021-01-18,120000
888,1704,2021-02-02,40000
889,30,2019-11-15,40000
890,859,2020-05-31,180000
891,1765,2021-05-26,140000
892,32,2019-10-18,180000
893,1865,2019-12-11,80000
894,763,2019-12-07,60000
895,788,2019-09-18,160000
896,1683,2021-08-02,180000
897,293,2020-09-14,20000
898,1754,2021-05-21,140000
899,1070,2020-03-20,180000
900,773,2019-07-18,40000
901,1494,2019-05-02,180000
902,752,2020-04-27,100000
903,1372,2021-01-01,180000
904,506,2019-11-20,80000
905,160,2020-11-04,200000
906,1059,2019-07-31,160000
907,310,2019-06-18,140000
908,1560,2021-12-04,180000
909,1420,2020-01-24,100000
910,376,2020-08-01,200000
911,927,2020-01-24,80000
912,1635,2019-08-30,40000
913,1041,2019-06-11,180000
914,850,2021-08-10,120000
915,1851,2021-07-05,120000
916,971,2019-10-09,180000
917,137,2019-11-27,120000
918,1909,2019-12-14,120000
919,377,2021-04-18,160000
920,1301,2020-09-24,60000
921,682,2020-03-12,120000
922,517,2021-02-10,40000
923,1439,2020-01-04,60000
924,1983,2019-09-08,120000
925,1447,2019-12-01,60000
926,53,2019-06-06,200000
927,77,2021-04-19,40000
928,1844,2021-03-07,60000
929,258,2021-04-14,80000
930,525,2021-05-25,40000
931,1914,2019-10-31,100000
932,1033,2019-04-22,200000
933,1759,2020-01-20,140000
934,1034,2021-07-09,200000
935,930,2020-07-03,60000
936,1675,2021-07-16,100000
937,563,2021-09-30,60000
938,1630,2021-08-02,60000
939,740,2021-12-17,80000
940,385,2021-12-16,20000
941,1233,2019-06-14,80000
942,194,2020-01-26,120000
943,813,2020-10-04,80000
944,677,2020-01-25,180000
945,1943,2019-03-30,200000
946,1842,2021-03-17,40000
947,1175,2021-06-19,60000
948,848,2019-12-08,200000
949,1366,2021-01-11,200000
950,1667,2019-02-25,100000
951,1350,2019-06-09,80000
952,620,2021-11-22,160000
953,501,2019-01-21,40000
954,1511,2021-03-20,180000
955,1631,2020-10-26,120000
956,1885,2020-04-25,180000
957,653,2020-11-27,100000
958,148,2019-03-24,100000
959,896,2021-03-27,20000
960,1777,2019-08-10,80000
961,1043,2021-09-13,40000
962,1843,2021-02-22,60000
963,1713,2020-02-17,80000
964,524,2019-05-27,180000
965,1868,2020-01-15,200000
966,1587,2019-02-17,160000
967,358,2021-08-16,160000
968,1887,2020-06-23,200000
969,669,2021-09-06,200000
970,1782,2021-12-04,60000
971,548,2020-12-22,180000
972,154,2021-01-13,160000
973,1558,2020-10-31,200000
974,1406,2020-11-22,60000
975,1407,2021-02-06,160000
976,699,2019-06-11,120000
977,1871,2020-11-13,40000
978,281,2021-12-06,180000
979,1530,2021-10-10,120000
980,78,2021-05-12,60000
981,668,2020-07-26,140000
982,1664,2020-08-30,120000
983,1164,2021-10-11,120000
984,856,2020-06-27,180000
985,65,2020-01-05,60000
986,961,2019-08-05,120000
987,905,2020-01-23,200000
988,527,2019-04-02,160000
989,1152,2019-06-15,40000
990,104,2021-01-26,100000
991,909,2020-05-30,60000
992,991,2019-09-12,20000
993,1736,2020-10-06,80000
994,1015,2020-10-13,60000
995,1131,2020-08-07,200000
996,1891,2020-08-13,100000
997,557,2020-08-06,160000
998,486,2020-04-28,100000
999,999,2021-07-08,180000
1000,1805,2021-03-16,140000
1001,1348,2020-08-18,60000
1002,1336,2021-03-23,120000
1003,21,2021-06-28,140000
1004,235,2019-05-17,140000
1005,1669,2021-12-21,40000
1006,167,2021-12-17,60000
1007,1577,2021-06-11,20000
1008,1950,2019-06-22,140000
1009,1704,2020-09-24,160000
1010,1281,2021-10-23,140000
1011,1418,2019-04-26,80000
1012,1944,2021-08-26,100000
1013,1444,2019-03-25,180000
1014,125,2021-05-20,180000
1015,135,2020-07-04,100000
1016,1574,2021-09-14,60000
1017,251,2019-10-21,160000
1018,272,2019-04-07,80000
1019,1128,2019-05-03,140000
1020,1267,2019-10-24,20000
1021,1579,2020-01-22,180000
1022,50,2021-12-31,20000
1023,1171,2021-01-07,80000
1024,850,2019-12-21,160000
1025,304,2019-11-28,100000
1026,1349,2021-04-04,180000
1027,1198,2020-10-18,120000
1028,524,2020-03-08,20000
1029,1912,2020-03-14,100000
1030,945,2020-11-12,140000
1031,641,2019-01-06,180000
1032,614,2019-08-11,60000
1033,210,2021-12-02,60000
1034,1762,2019-01-03,40000
1035,791,2021-03-13,120000
1036,635,2019-05-31,120000
1037,215,2020-05-18,60000
1038,74,2019-12-19,120000
1039,638,2020-04-07,20000
1040,1693,2021-10-13,160000
1041,173,2019-02-05,120000
1042,840,2021-11-19,20000
1043,1847,2019-05-12,120000
1044,136,2020-09-29,60000
1045,819,2019-04-10,80000
1046,1365,2020-12-05,180000
1047,62,2021-02-11,200000
1048,1038,2021-01-06,60000
1049,608,2019-09-08,180000
1050,359,2020-03-27,100000
1051,980,2019-06-30,20000
1052,1751,2019-12-17,60000
1053,1517,2019-12-07,100000
1054,1480,2019-05-28,140000
1055,793,2019-03-30,160000
1056,881,2019-02-12,60000
1057,1186,2021-09-25,80000
1058,1142,2020-02-11,120000
1059,769,2020-08-23,20000
1060,1478,2021-08-31,200000
1061,353,2019-02-03,80000
1062,900,2021-04-13,200000
1063,1908,2020-11-23,120000
1064,1361,2020-02-05,80000
1065,96,2021-11-14,80000
1066,17,2021-05-04,100000
1067,1467,2019-04-15,100000
1068,1451,2021-03-23,160000
1069,987,2021-09-11,180000
1070,1963,2021-12-27,140000
1071,1047,2021-09-17,40000
1072,286,2020-07-16,140000
1073,4,2021-10-23,80000
1074,11,2020-03-18,140000
1075,900,2019-11-04,120000
1076,186,2021-06-19,120000
1077,1718,2021-11-30,120000
1078,122,2021-02-08,60000
1079,1875,2021-10-02,60000
1080,1842,2021-06-12,180000
1081,801,2020-11-11,60000
1082,497,2021-06-19,160000
1083,1956,2020-05-25,120000
1084,288,2019-10-23,80000
1085,1420,2019-12-20,180000
1086,246,2021-11-07,160000
1087,1725,2020-08-17,200000
1088,417,2020-06-26,160000
1089,39,2021-02-11,60000
1090,14,2019-09-25,80000
1091,198,2019-04-20,60000
1092,591,2019-07-22,180000
1093,494,2020-11-07,20000
1094,848,2020-05-24,100000
1095,824,2019-07-11,60000
1096,121,2021-03-14,20000
1097,1582,2019-09-07,80000
1098,1046,2021-12-07,80000
1099,750,2021-10-08,200000
1100,1835,2021-09-07,100000
1101,205,2020-06-29,160000
1102,641,2020-05-03,100000
1103,1954,2021-04-15,120000
1104,573,2019-03-27,20000
1105,1218,2019-01-11,60000
1106,1874,2019-07-09,20000
1107,1460,2021-06-23,60000
1108,614,2021-02-25,60000
1109,902,2021-02-28,60000
1110,1988,2019-11-13,80000
1111,128,2020-10-02,140000
1112,1564,2019-09-09,200000
1113,1110,2019-11-19,40000
1114,222,2021-04-20,80000
1115,434,2021-01-23,160000
1116,1810,2020-10-07,140000
1117,936,2020-04-22,120000
1118,298,2019-08-23,120000
1119,146,2019-04-20,60000
1120,1209,2020-08-02,20000
1121,275,2020-05-11,40000
1122,285,2019-07-13,20000
1123,1534,2019-01-25,80000
1124,1647,2020-07-15,40000
1125,325,2019-11-20,100000
1126,795,2019-03-28,40000
1127,164,2021-02-15,80000
1128,306,2021-11-05,100000
1129,1984,2019-08-12,40000
1130,327,2021-01-22,60000
1131,257,2021-11-03,20000
1132,92,2020-07-31,60000
1133,1765,2020-03-13,120000
1134,695,2021-12-03,160000
1135,415,2021-06-18,60000
1136,1754,2020-02-11,100000
1137,184,2020-06-04,200000
1138,20,2019-12-30,120000
1139,1198,2019-03-27,20000
1140,350,2021-07-16,180000
1141,1486,2019-02-08,140000
1142,483,2021-01-18,200000
1143,237,2021-06-13,160000
1144,1292,2019-10-06,40000
1145,743,2019-02-01,160000
1146,1396,2020-01-31,180000
1147,1593,2021-05-03,60000
1148,89,2021-04-29,20000
1149,701,2019-01-26,20000
1150,606,2020-12-03,40000
1151,377,2019-01-30,100000
1152,1963,2020-07-02,200000
1153,723,2021-01-27,60000
1154,1003,2021-10-26,20000
1155,1182,2021-06-05,120000
1156,1607,2020-01-15,200000
1157,658,2021-08-12,40000
1158,481,2020-06-03,200000
1159,1435,2021-10-23,200000
1160,34,2021-07-22,200000
1161,860,2021-07-02,140000
1162,912,2020-01-08,120000
1163,1650,2020-04-22,20000
1164,602,2019-09-29,120000
1165,1008,2019-02-03,40000
1166,159,2020-01-12,120000
1167,1944,2021-03-31,60000
1168,662,2021-03-17,180000
1169,1065,2019-03-09,20000
1170,281,2019-12-30,100000
1171,1750,2020-07-15,160000
1172,473,2020-06-09,200000
1173,1817,2019-09-20,20000
1174,1758,2020-04-07,120000
1175,83,2021-05-25,20000
1176,1179,2019-03-07,180000
1177,363,2019-08-14,140000
1178,1644,2021-05-22,200000
1179,1225,2021-10-19,200000
1180,981,2021-01-07,100000
1181,13,2019-08-27,60000
1182,1651,2021-08-28,120000
1183,1613,2021-11-14,120000
1184,1142,2021-06-14,200000
1185,2000,2019-08-28,120000
1186,1471,2019-10-04,160000
1187,735,2020-06-24,160000
1188,641,2019-08-15,180000
1189,181,2021-10-07,40000
1190,1168,2019-06-27,40000
1191,257,2019-01-23,80000
1192,90,2020-09-13,20000
1193,786,2020-03-17,120000
1194,1853,2019-01-18,200000
1195,1811,2021-12-23,80000
1196,1053,2020-07-13,60000
1197,996,2021-08-27,120000
1198,396,2021-09-03,180000
1199,1473,2021-02-23,60000
1200,1904,2020-11-03,20000
1201,517,2021-09-17,60000
1202,1707,2021-07-18,40000
1203,1148,2021-10-15,120000
1204,677,2021-07-22,180000
1205,755,2021-01-28,120000
1206,1690,2021-04-26,100000
1207,1722,2019-10-18,200000
1208,1825,2019-12-21,180000
1209,1359,2019-01-14,80000
1210,1740,2021-06-12,20000
1211,355,2019-08-09,120000
1212,689,2019-08-24,20000
1213,1381,2021-01-14,100000
1214,242,2020-06-09,60000
1215,747,2021-08-21,20000
1216,799,2020-10-08,100000
1217,538,2020-01-09,20000
1218,1326,2019-02-11,60000
1219,380,2020-05-10,40000
1220,1196,2020-07-29,100000
1221,129,2021-01-10,120000
1222,311,2020-05-27,140000
1223,1703,2021-05-05,80000
1224,1093,2021-10-20,180000
1225,751,2021-06-01,20000
1226,1640,2021-12-30,40000
1227,435,2020-09-24,160000
1228,701,2021-01-08,140000
1229,1691,2019-04-30,40000
1230,380,2021-01-22,20000
1231,699,2019-01-26,60000
1232,1302,2021-08-25,200000
1233,281,2020-07-31,200000
1234,875,2019-07-05,80000
1235,563,2021-05-08,180000
1236,1487,2021-01-13,40000
1237,927,2019-11-11,100000
1238,1786,2020-05-15,160000
1239,1384,2019-01-31,80000
1240,1165,2020-01-24,200000
1241,1411,2021-07-30,40000
1242,1397,2020-11-27,60000
1243,135,2019-09-15,140000
1244,15,2020-12-11,80000
1245,288,2021-08-27,180000
1246,1253,2020-06-13,80000
1247,1990,2019-10-04,160000
1248,148,2020-01-22,20000
1249,1908,2019-10-21,140000
1250,1551,2019-06-27,20000
1251,700,2020-03-01,200000
1252,1868,2020-10-25,120000
1253,1251,2021-07-31,160000
1254,655,2019-04-11,180000
1255,1935,2021-11-27,80000
1256,1281,2019-07-07,40000
1257,23,2019-04-01,140000
1258,1455,2019-04-25,140000
1259,946,2019-10-05,140000
1260,476,2021-12-18,40000
1261,1018,2021-05-17,40000
1262,1473,2021-05-26,100000
1263,1975,2020-10-14,160000
1264,769,2021-07-09,160000
1265,560,2020-05-09,160000
1266,1407,2020-01-07,200000
1267,446,2019-01-22,200000
1268,752,2020-11-13,60000
1269,245,2019-11-11,140000
1270,670,2019-08-04,180000
1271,1454,2019-05-06,80000
1272,1559,2020-06-25,20000
1273,1258,2019-07-26,200000
1274,1622,2019-11-03,80000
1275,1602,2021-11-29,60000
1276,869,2021-04-06,40000
1277,1396,2019-10-24,60000
1278,472,2020-10-09,40000
1279,716,2021-08-31,80000
1280,1266,2020-08-01,140000
1281,69,2021-03-05,60000
1282,874,2020-12-15,40000
1283,266,2020-07-29,140000
1284,1003,2021-05-07,200000
1285,857,2021-09-16,200000
1286,653,2021-05-02,120000
1287,1721,2019-10-15,60000
1288,1708,2021-06-30,20000
1289,1814,2020-11-20,100000
1290,398,2021-12-16,180000
1291,750,2019-01-25,120000
1292,128,2021-09-12,180000
1293,1736,2021-05-04,180000
1294,1966,2019-02-15,60000
1295,1310,2019-09-03,200000
1296,1320,2021-11-16,140000
1297,769,2019-04-19,140000
1298,1429,2020-07-21,160000
1299,1072,2020-04-10,100000
1300,167,2020-08-11,80000
1301,259,2020-09-22,80000
1302,850,2019-12-30,40000
1303,1449,2020-10-14,80000
1304,1171,2021-06-12,40000
1305,723,2020-07-06,100000
1306,1340,2021-01-28,180000
1307,821,2020-11-04,60000
1308,1331,2019-04-18,40000
1309,1057,2019-07-19,180000
1310,1699,2020-02-08,100000
1311,27,2019-07-27,140000
1312,301,2019-03-29,200000
1313,9,2020-01-05,200000
1314,914,2019-07-28,100000
1315,1675,2021-07-08,40000
1316,1613,2020-11-07,120000
1317,1385,2019-07-05,20000
1318,1567,2020-02-14,80000
1319,1516,2019-01-13,140000
1320,1925,2021-09-04,140000
1321,561,2020-07-09,180000
1322,1881,2019-10-17,160000
1323,1892,2020-10-16,40000
1324,1322,2021-11-17,60000
1325,1473,2021-07-09,200000
1326,1144,2020-11-12,60000
1327,201,2019-05-15,140000
1328,362,2021-07-29,20000
1329,1400,2020-04-11,140000
1330,944,2019-01-21,40000
1331,876,2021-08-04,20000
1332,778,2021-01-27,200000
1333,1582,2021-06-27,20000
1334,1978,2019-10-01,20000
1335,1595,2019-07-11,40000
1336,602,2021-12-15,120000
1337,1669,2019-01-26,40000
1338,1628,2020-06-06,200000
1339,1737,2019-06-19,140000
1340,122,2019-11-21,100000
1341,1472,2020-03-20,20000
1342,667,2020-03-24,100000
1343,272,2020-07-29,60000
1344,1308,2020-06-13,20000
1345,389,2019-09-23,100000
1346,1373,2020-01-08,40000
1347,1181,2019-11-23,120000
1348,1622,2020-07-13,100000
1349,606,2019-11-11,40000
1350,727,2021-07-07,180000
1351,1125,2020-10-11,40000
1352,1207,2019-03-28,160000
1353,813,2019-05-05,100000
1354,446,2021-03-19,100000
1355,1138,2020-03-27,20000
1356,332,2019-06-16,200000
1357,74,2020-02-18,60000
1358,595,2021-05-06,100000
1359,94,2019-07-29,160000
1360,268,2020-10-20,160000
1361,353,2019-10-31,40000
1362,401,2020-09-28,40000
1363,1216,2020-10-23,140000
1364,938,2019-06-08,80000
1365,28,2019-01-28,180000
1366,49,2020-02-13,120000
1367,818,2020-07-20,40000
1368,1174,2019-02-05,140000
1369,840,2021-12-25,40000
1370,1244,2021-11-09,100000
1371,838,2019-12-22,60000
1372,73,2020-08-20,20000
1373,298,2019-04-24,20000
1374,1293,2019-06-25,40000
1375,626,2019-09-21,180000
1376,936,2020-04-17,60000
1377,715,2019-10-30,60000
1378,412,2020-07-12,100000
1379,87,2019-01-03,120000
1380,565,2019-10-09,40000
1381,310,2020-11-30,80000
1382,1297,2019-01-02,200000
1383,505,2019-10-19,120000
1384,1241,2019-08-15,200000
1385,27,2020-08-13,60000
1386,448,2021-03-16,180000
1387,1227,2021-11-12,20000
1388,1274,2019-07-06,100000
1389,395,2020-08-17,180000
1390,781,2021-08-14,140000
1391,490,2019-06-29,60000
1392,1476,2019-06-09,200000
1393,1065,2020-08-21,120000
1394,522,2021-02-11,160000
1395,1072,2020-06-07,140000
1396,26,2019-01-06,200000
1397,1796,2019-01-11,100000
1398,1741,2021-07-07,80000
1399,1042,2019-12-24,40000
1400,1980,2019-10-08,120000
1401,1348,2021-11-08,40000
1402,768,2021-11-16,40000
1403,1147,2020-02-25,80000
1404,1237,2020-11-18,160000
1405,1882,2020-06-06,100000
1406,1115,2021-07-24,140000
1407,1541,2021-02-05,20000
1408,1283,2020-07-10,180000
1409,1934,2020-04-01,180000
1410,941,2019-09-23,140000
1411,1208,2021-05-08,100000
1412,291,2021-11-27,20000
1413,1747,2019-06-20,20000
1414,1415,2019-07-24,60000
1415,1058,2021-08-18,80000
1416,988,2021-04-25,140000
1417,1393,2021-08-15,180000
1418,1184,2020-07-24,180000
1419,1297,2019-07-02,180000
1420,594,2019-04-01,140000
1421,1625,2019-08-01,180000
1422,785,2020-04-26,140000
1423,1161,2020-02-02,40000
1424,518,2021-09-19,180000
1425,635,2021-02-11,180000
1426,460,2021-09-25,60000
1427,274,2020-10-12,140000
1428,1357,2019-05-14,100000
1429,1319,2019-08-22,160000
1430,1515,2020-04-09,60000
1431,827,2021-12-16,20000
1432,1244,2021-01-10,40000
1433,1771,2021-05-07,100000
1434,1244,2019-10-28,60000
1435,979,2021-05-13,20000
1436,360,2021-02-01,140000
1437,1170,2019-08-28,180000
1438,577,2021-02-20,160000
1439,1415,2019-11-28,120000
1440,1143,2021-11-24,100000
1441,222,2021-01-26,20000
1442,1834,2020-06-25,200000
1443,1940,2021-12-11,140000
1444,1320,2021-06-05,40000
1445,1154,2021-01-02,160000
1446,121,2021-03-14,60000
1447,575,2019-04-22,120000
1448,1404,2021-11-02,20000
1449,854,2020-03-16,180000
1450,1922,2019-07-15,200000
1451,1311,2021-10-15,200000
1452,555,2019-05-21,80000
1453,280,2020-03-14,40000
1454,1952,2021-08-29,20000
1455,1415,2020-04-08,140000
1456,1,2019-10-19,160000
1457,1955,2019-01-07,120000
1458,1887,2021-02-01,40000
1459,445,2020-07-30,160000
1460,365,2020-03-11,20000
1461,348,2021-01-17,40000
1462,632,2019-05-27,160000
1463,488,2021-05-24,120000
1464,220,2021-01-22,160000
1465,165,2019-07-27,20000
1466,1203,2019-08-19,160000
1467,1218,2020-02-24,40000
1468,1807,2021-04-08,180000
1469,732,2020-10-06,60000
1470,1183,2019-10-08,120000
1471,1063,2021-10-29,180000
1472,1015,2021-08-05,120000
1473,263,2019-10-08,100000
1474,19,2020-05-11,120000
1475,573,2020-04-14,20000
1476,189,2020-07-19,160000
1477,1207,2019-01-21,20000
1478,431,2021-05-10,200000
1479,1361,2020-06-21,200000
1480,1908,2020-04-30,140000
1481,1851,2019-05-29,80000
1482,425,2021-01-11,20000
1483,566,2019-12-05,160000
1484,1093,2021-12-20,160000
1485,114,2021-09-04,120000
1486,382,2019-07-12,40000
1487,971,2020-04-14,160000
1488,636,2020-03-18,40000
1489,1419,2020-09-30,160000
1490,1177,2020-04-30,120000
1491,1606,2019-04-17,140000
1492,592,2021-01-08,120000
1493,673,2020-02-14,100000
1494,1998,2019-11-02,40000
1495,528,2020-01-10,80000
1496,119,2021-11-04,20000
1497,1375,2019-03-09,120000
1498,1936,2019-12-17,100000
1499,824,2021-04-03,40000
1500,329,2020-10-03,60000
1501,1111,2019-01-04,180000
1502,217,2021-12-27,180000
1503,1888,2019-11-07,160000
1504,187,2020-05-17,100000
1505,1955,2020-02-22,20000
1506,464,2021-11-14,160000
1507,1685,2021-07-12,60000
1508,1689,2020-08-20,40000
1509,591,2020-07-26,120000
1510,1947,2020-09-05,180000
1511,1416,2021-10-24,100000
1512,597,2019-11-18,120000
1513,538,2019-10-20,40000
1514,480,2019-11-23,160000
1515,280,2021-11-08,200000
1516,1109,2020-10-02,120000
1517,1194,2021-12-16,20000
1518,1324,2020-09-13,200000
1519,1101,2021-10-13,180000
1520,1486,2021-01-23,120000
1521,1282,2020-07-13,40000
1522,989,2019-01-11,20000
1523,518,2021-07-19,120000
1524,182,2021-03-24,160000
1525,657,2020-04-25,80000
1526,269,2019-11-06,80000
1527,1687,2020-12-22,80000
1528,276,2019-07-05,80000
1529,695,2019-01-04,160000
1530,231,2021-03-03,100000
1531,636,2021-03-27,20000
1532,794,2019-08-31,120000
1533,632,2019-03-10,20000
1534,114,2021-09-15,180000
1535,211,2020-04-02,140000
1536,1807,2019-02-13,140000
1537,1478,2020-03-29,160000
1538,1184,2019-06-06,140000
1539,964,2021-07-27,80000
1540,1256,2019-07-20,100000
1541,50,2021-01-28,80000
1542,924,2021-03-02,40000
1543,569,2021-03-01,200000
1544,113,2020-07-27,200000
1545,200,2020-08-15,80000
1546,1310,2021-07-07,100000
1547,862,2020-07-30,200000
1548,1436,2020-11-12,80000
1549,705,2021-03-17,80000
1550,360,2019-08-07,200000
1551,1306,2019-04-15,180000
1552,1689,2020-01-16,200000
1553,179,2020-11-18,200000
1554,1586,2019-02-27,20000
1555,252,2020-06-24,80000
1556,1556,2020-06-23,20000
1557,1646,2020-06-22,80000
1558,1925,2021-06-18,100000
1559,1354,2019-11-18,60000
1560,1374,2020-08-15,120000
1561,974,2019-11-24,140000
1562,792,2020-03-20,160000
1563,225,2019-10-24,40000
1564,1416,2019-12-01,120000
1565,289,2021-09-01,80000
1566,858,2019-06-24,180000
1567,1493,2021-05-08,180000
1568,1526,2020-08-04,80000
1569,1703,2021-12-30,60000
1570,1771,2019-09-19,140000
1571,493,2020-01-17,100000
1572,1700,2019-05-26,100000
1573,1105,2021-05-04,20000
1574,1770,2021-09-06,60000
1575,1383,2021-05-03,80000
1576,1387,2020-05-28,160000
1577,1109,2019-09-12,200000
1578,1886,2020-11-08,100000
1579,4,2021-11-23,20000
1580,1733,2020-11-13,140000
1581,42,2020-04-22,180000
1582,1238,2019-12-07,100000
1583,1960,2019-11-16,40000
1584,58,2021-04-30,60000
1585,742,2019-03-21,200000
1586,863,2019-05-21,200000
1587,759,2021-07-18,160000
1588,1235,2019-05-23,140000
1589,1896,2021-10-28,20000
1590,837,2019-10-07,80000
1591,907,2020-11-02,180000
1592,517,2020-01-22,140000
1593,1342,2020-10-21,160000
1594,461,2021-09-14,180000
1595,1851,2019-03-08,120000
1596,836,2020-07-03,20000
1597,756,2020-08-17,120000
1598,133,2020-08-20,20000
1599,1084,2020-12-29,180000
1600,31,2021-01-20,60000
1601,920,2020-02-05,60000
1602,1367,2020-01-17,120000
1603,1166,2019-08-19,160000
1604,353,2019-10-08,140000
1605,1004,2019-06-01,80000
1606,1733,2021-06-10,160000
1607,1897,2021-02-04,160000
1608,593,2021-06-25,160000
1609,690,2021-05-16,180000
1610,439,2020-06-07,160000
1611,123,2019-09-23,200000
1612,572,2019-11-28,120000
1613,215,2019-03-19,120000
1614,114,2020-10-23,160000
1615,1271,2021-02-08,140000
1616,1620,2020-02-19,20000
1617,1000,2021-11-12,160000
1618,287,2019-03-25,160000
1619,1333,2019-08-12,120000
1620,1932,2020-08-03,200000
1621,1372,2019-10-16,40000
1622,941,2019-09-19,200000
1623,753,2019-08-01,60000
1624,368,2019-01-10,120000
1625,1979,2020-11-09,80000
1626,1079,2019-10-15,60000
1627,1401,2021-11-26,40000
1628,30,2020-09-18,200000
1629,1731,2020-11-28,80000
1630,1408,2019-06-12,180000
1631,101,2019-07-22,180000
1632,1362,2020-04-15,40000
1633,2,2021-11-29,40000
1634,377,2019-09-15,100000
1635,445,2020-11-28,200000
1636,67,2019-12-05,160000
1637,475,2020-01-22,120000
1638,1044,2019-10-08,80000
1639,1123,2019-05-18,160000
1640,2,2019-04-23,140000
1641,1314,2020-08-05,120000
1642,1612,2019-01-17,200000
1643,153,2020-12-31,180000
1644,49,2021-08-19,40000
1645,422,2021-01-17,20000
1646,1493,2021-02-12,80000
1647,1897,2021-12-25,80000
1648,1171,2019-09-12,60000
1649,291,2021-10-16,60000
1650,272,2021-09-10,20000
1651,1922,2020-12-15,60000
1652,1817,2019-10-25,120000
1653,957,2019-05-21,160000
1654,51,2019-10-10,60000
1655,1737,2020-12-29,180000
1656,895,2019-01-21,200000
1657,1266,2021-02-07,140000
1658,621,2020-05-04,80000
1659,753,2020-07-25,180000
1660,1131,2019-07-30,120000
1661,1634,2019-05-27,160000
1662,584,2019-10-27,20000
1663,1886,2021-09-13,180000
1664,908,2021-05-07,40000
1665,1743,2019-06-18,100000
1666,951,2019-12-25,100000
1667,1791,2019-09-14,60000
1668,871,2019-08-01,80000
1669,1031,2021-04-05,160000
1670,320,2021-04-05,60000
1671,1092,2019-04-02,160000
1672,980,2021-09-11,40000
1673,1157,2019-07-23,20000
1674,681,2020-07-26,140000
1675,1621,2019-06-17,40000
1676,1785,2019-06-23,120000
1677,121,2021-06-26,200000
1678,1262,2020-07-08,80000
1679,1499,2019-12-29,80000
1680,868,2019-04-12,80000
1681,678,2021-12-21,160000
1682,47,2021-08-28,80000
1683,104,2021-08-07,60000
1684,1597,2021-06-23,100000
1685,327,2019-12-31,20000
1686,471,2019-12-17,60000
1687,264,2021-05-10,40000
1688,573,2019-10-10,120000
1689,1039,2019-12-31,180000
1690,1313,2021-12-26,200000
1691,1483,2019-05-04,80000
1692,133,2021-07-17,180000
1693,1085,2021-11-27,180000
1694,487,2020-06-16,120000
1695,1933,2019-07-04,60000
1696,1446,2020-02-12,120000
1697,1135,2021-04-02,20000
1698,948,2020-10-21,80000
1699,350,2021-11-22,140000
1700,729,2019-03-29,80000
1701,1977,2021-05-13,100000
1702,1248,2021-04-01,120000
1703,1695,2020-02-16,100000
1704,1057,2019-01-15,80000
1705,1699,2019-04-27,20000
1706,1022,2020-09-09,140000
1707,1985,2019-01-11,100000
1708,1723,2019-04-13,160000
1709,961,2019-12-14,20000
1710,1285,2021-06-27,40000
1711,1682,2019-05-13,100000
1712,1472,2020-02-11,140000
1713,49,2019-10-29,20000
1714,540,2019-05-31,60000
1715,79,2021-11-24,140000
1716,1459,2019-12-23,120000
1717,172,2020-07-10,40000
1718,1108,2021-05-30,120000
1719,839,2021-02-24,160000
1720,56,2021-04-03,140000
1721,437,2020-09-16,100000
1722,1754,2020-08-20,100000
1723,1874,2020-01-12,40000
1724,201,2020-10-08,160000
1725,213,2019-02-10,20000
1726,269,2021-05-09,20000
1727,728,2020-07-30,80000
1728,793,2021-07-16,20000
1729,347,2019-10-08,200000
1730,711,2021-08-30,180000
1731,11,2020-07-27,180000
1732,823,2019-05-18,160000
1733,762,2020-09-26,120000
1734,1263,2020-01-17,120000
1735,1019,2019-10-08,20000
1736,866,2019-07-05,140000
1737,708,2020-10-04,120000
1738,1518,2021-03-27,100000
1739,1624,2021-07-16,160000
1740,69,2020-04-12,120000
1741,655,2019-05-12,200000
1742,1826,2019-05-11,140000
1743,20,2019-07-16,20000
1744,1755,2019-01-05,140000
1745,1971,2020-04-16,120000
1746,1310,2021-01-15,120000
1747,1069,2021-02-11,60000
1748,323,2019-12-05,60000
1749,741,2020-10-09,160000
1750,196,2020-01-04,100000
1751,830,2020-09-23,20000
1752,1796,2020-09-27,60000
1753,233,2019-07-17,200000
1754,408,2021-05-02,140000
1755,305,2020-07-03,60000
1756,500,2019-12-15,200000
1757,471,2020-12-24,100000
1758,1106,2021-10-01,120000
1759,349,2020-09-05,60000
1760,1846,2020-05-15,160000
1761,590,2020-08-02,140000
1762,49,2019-04-26,120000
1763,879,2019-01-11,140000
1764,1053,2020-03-01,180000
1765,882,2021-03-30,60000
1766,962,2019-06-14,60000
1767,431,2019-06-09,40000
1768,1296,2020-02-04,40000
1769,1162,2019-02-15,120000
1770,524,2019-10-25,160000
1771,1113,2020-11-15,100000
1772,1283,2021-12-21,140000
1773,1276,2021-12-08,200000
1774,445,2021-09-17,60000
1775,1291,2020-10-14,140000
1776,626,2021-04-21,80000
1777,150,2019-09-14,140000
1778,306,2021-09-20,140000
1779,512,2020-01-10,20000
1780,222,2019-01-17,60000
1781,301,2020-05-08,60000
1782,464,2019-04-11,140000
1783,1787,2021-05-20,180000
1784,1493,2020-11-11,200000
1785,788,2021-01-20,160000
1786,1252,2020-04-16,120000
1787,563,2019-09-27,40000
1788,401,2020-04-06,100000
1789,1677,2019-01-13,200000
1790,1275,2019-08-02,200000
1791,1642,2019-05-15,140000
1792,1414,2021-09-28,100000
1793,787,2019-07-17,60000
1794,1940,2021-07-09,180000
1795,244,2020-07-05,20000
1796,1143,2021-03-14,120000
1797,1773,2020-12-17,80000
1798,1154,2019-04-26,80000
1799,1375,2021-09-27,120000
1800,69,2021-12-08,20000
1801,390,2021-03-25,20000
1802,1236,2019-08-04,20000
1803,693,2020-11-03,60000
1804,1233,2020-07-28,180000
1805,1894,2021-04-30,200000
1806,1881,2021-11-17,100000
1807,1545,2020-08-15,200000
1808,1461,2021-02-16,200000
1809,724,2019-07-29,140000
1810,798,2021-11-22,140000
1811,227,2020-08-07,20000
1812,1609,2021-09-22,160000
1813,113,2021-09-23,80000
1814,1130,2020-02-03,40000
1815,542,2021-10-23,60000
1816,1601,2020-07-03,100000
1817,836,2021-12-16,40000
1818,626,2021-08-18,80000
1819,1690,2020-10-30,100000
1820,1297,2019-11-24,140000
1821,417,2020-08-14,200000
1822,306,2020-02-07,60000
1823,1303,2021-06-04,160000
1824,432,2020-02-20,180000
1825,255,2019-02-23,60000
1826,1944,2019-10-02,60000
1827,1544,2021-12-03,60000
1828,409,2020-10-25,160000
1829,1044,2020-08-31,60000
1830,621,2020-09-11,80000
1831,1186,2020-07-04,160000
1832,123,2019-10-28,40000
1833,1543,2020-03-11,180000
1834,1987,2020-05-21,40000
1835,1586,2021-12-12,200000
1836,749,2019-02-05,120000
1837,154,2021-01-07,100000
1838,674,2019-07-06,180000
1839,1664,2019-11-20,40000
1840,1233,2019-04-20,180000
1841,365,2021-12-30,80000
1842,1422,2019-10-04,200000
1843,1687,2021-10-21,60000
1844,244,2019-01-02,20000
1845,724,2020-02-08,20000
1846,1413,2019-07-26,40000
1847,707,2021-12-08,60000
1848,1139,2019-01-02,160000
1849,1129,2020-08-06,160000
1850,1035,2021-09-29,120000
1851,176,2021-06-24,200000
1852,1952,2021-03-06,100000
1853,127,2019-08-22,60000
1854,1200,2019-01-27,80000
1855,753,2020-04-26,60000
1856,560,2020-02-25,160000
1857,551,2021-01-26,140000
1858,687,2020-07-30,100000
1859,800,2020-07-06,100000
1860,612,2020-04-06,140000
1861,893,2021-08-19,40000
1862,1472,2020-12-06,80000
1863,50,2019-08-17,160000
1864,760,2020-09-09,20000
1865,673,2021-12-23,160000
1866,446,2021-06-15,60000
1867,279,2019-09-17,40000
1868,841,2020-01-18,180000
1869,304,2021-02-03,40000
1870,1087,2020-06-28,200000
1871,534,2019-05-21,120000
1872,986,2021-03-09,200000
1873,1508,2020-04-01,60000
1874,65,2021-08-10,200000
1875,1595,2019-03-26,160000
1876,1145,2021-07-09,200000
1877,164,2020-08-08,80000
1878,406,2020-08-04,200000
1879,1004,2020-04-18,160000
1880,1878,2021-03-01,120000
1881,713,2020-01-26,180000
1882,1243,2019-10-31,40000
1883,902,2020-08-05,60000
1884,263,2020-06-13,60000
1885,1808,2019-06-01,200000
1886,153,2020-12-01,120000
1887,731,2021-10-02,160000
1888,1513,2021-04-29,100000
1889,423,2020-03-14,100000
1890,1303,2019-08-28,140000
1891,719,2020-08-21,120000
1892,301,2020-11-04,80000
1893,1457,2019-06-03,80000
1894,32,2020-11-05,180000
1895,1868,2021-02-10,60000
1896,1131,2019-11-30,60000
1897,199,2021-04-20,180000
1898,585,2021-06-13,80000
1899,1594,2019-01-13,160000
1900,425,2019-03-03,40000
