sale_id,user_id,created_at,country,value
1,348,2019-03-23,ES,100000
2,66,2021-05-31,CO,120000
3,580,2021-08-26,CO,40000
4,751,2020-06-05,ES,140000
5,551,2019-05-31,BR,40000
6,284,2020-08-11,US,140000
7,338,2020-05-23,US,100000
8,211,2020-08-09,ES,60000
9,36,2021-12-15,CO,180000
10,621,2020-08-13,US,100000
11,749,2020-01-09,US,80000
12,182,2020-05-28,CO,160000
13,764,2021-09-06,CO,200000
14,761,2021-01-04,ES,160000
15,705,2020-03-06,US,40000
16,498,2020-12-01,US,160000
17,169,2019-03-08,CO,60000
18,482,2020-08-16,ES,180000
19,763,2020-01-13,CO,180000
20,756,2019-03-26,US,140000
21,225,2021-06-07,US,180000
22,430,2020-11-20,US,100000
23,709,2021-04-22,ES,120000
24,315,2021-11-05,CO,200000
25,225,2020-03-31,CO,140000
26,693,2020-06-20,BR,20000
27,716,2021-07-11,CO,100000
28,314,2021-07-17,ES,80000
29,72,2019-01-21,BR,100000
30,150,2019-08-02,CO,100000
31,364,2020-08-23,BR,100000
32,199,2020-01-11,US,40000
33,473,2019-05-09,US,100000
34,605,2020-12-06,ES,80000
35,536,2019-01-24,CO,40000
36,773,2019-08-08,CO,80000
37,694,2021-03-31,BR,80000
38,110,2019-10-21,CO,120000
39,625,2020-08-25,ES,140000
40,286,2021-07-14,CO,200000
41,733,2020-11-01,US,20000
42,757,2021-12-16,CO,120000
43,197,2020-09-04,CO,80000
44,261,2021-04-02,ES,40000
45,465,2020-08-04,US,160000
46,438,2019-05-03,BR,40000
47,153,2020-05-03,CO,40000
48,317,2021-04-03,CO,40000
49,770,2020-02-26,CO,60000
50,101,2021-01-27,ES,60000
51,201,2019-06-03,US,180000
52,689,2020-07-11,CO,20000
53,119,2021-10-24,BR,180000
54,238,2020-04-20,CO,80000
55,594,2020-07-04,ES,180000
56,356,2019-01-03,BR,160000
57,330,2019-07-05,ES,180000
58,674,2019-09-12,ES,180000
59,129,2019-11-19,CO,200000
60,688,2019-04-30,BR,180000
61,624,2020-05-24,US,20000
62,203,2019-03-13,ES,20000
63,781,2021-08-15,ES,140000
64,732,2019-04-08,BR,140000
65,515,2020-09-06,ES,200000
66,239,2019-06-26,ES,180000
67,735,2019-02-21,BR,180000
68,509,2021-08-18,CO,20000
69,30,2021-10-23,BR,60000
70,689,2021-11-28,CO,80000
71,38,2021-08-26,ES,20000
72,118,2019-02-05,ES,180000
73,620,2021-09-18,CO,200000
74,113,2020-10-19,US,120000
75,539,2019-03-27,ES,120000
76,695,2019-04-26,BR,20000
77,315,2019-08-10,US,180000
78,15,2021-02-09,CO,120000
79,444,2021-04-23,CO,160000
80,291,2021-12-11,BR,20000
81,308,2020-03-11,BR,80000
82,600,2021-03-11,CO,120000
83,508,2019-01-19,BR,140000
84,410,2020-06-05,BR,180000
85,502,2021-08-23,BR,100000
86,150,2020-11-16,ES,140000
87,439,2019-01-23,ES,80000
88,594,2020-07-22,US,180000
89,665,2021-03-14,ES,60000
90,718,2019-08-12,BR,200000
91,262,2019-09-23,BR,20000
92,141,2019-04-30,ES,180000
93,597,2019-12-08,CO,80000
94,99,2021-08-28,US,140000
95,365,2019-04-21,CO,200000
96,340,2020-05-29,BR,80000
97,187,2019-01-02,US,80000
98,698,2019-03-09,BR,180000
99,265,2020-02-29,ES,160000
100,774,2020-12-06,BR,100000
101,723,2021-05-10,CO,100000
102,143,2021-08-11,ES,40000
103,515,2021-03-18,ES,80000
104,773,2021-09-27,BR,140000
105,178,2021-10-14,BR,80000
106,486,2020-05-04,US,40000
107,259,2019-11-12,US,200000
108,127,2021-02-10,US,100000
109,645,2021-04-18,ES,180000
110,723,2019-06-04,US,180000
111,441,2019-08-01,ES,20000
112,780,2019-12-18,US,40000
113,440,2021-04-24,US,120000
114,131,2021-06-14,ES,100000
115,565,2021-12-19,CO,100000
116,159,2020-06-05,US,40000
117,580,2019-04-29,ES,140000
118,444,2019-02-18,BR,80000
119,451,2020-11-01,US,80000
120,237,2019-09-24,BR,200000
121,55,2019-01-03,CO,100000
122,43,2019-01-03,US,200000
123,175,2019-05-12,BR,60000
124,660,2019-01-11,CO,100000
125,787,2019-06-11,ES,40000
126,230,2021-08-22,BR,120000
127,12,2019-04-14,CO,140000
128,131,2020-04-25,US,180000
129,586,2020-08-07,CO,60000
130,504,2020-01-09,CO,200000
131,123,2020-05-17,CO,160000
132,571,2019-03-13,US,100000
133,71,2020-03-01,ES,100000
134,362,2020-09-09,BR,200000
135,609,2019-10-22,CO,40000
136,414,2021-06-27,BR,80000
137,24,2019-06-22,US,80000
138,131,2019-12-19,ES,140000
139,749,2020-02-04,BR,160000
140,644,2021-09-19,CO,80000
141,456,2019-03-31,US,140000
142,56,2020-11-13,CO,120000
143,666,2019-08-23,CO,120000
144,76,2021-05-30,BR,140000
145,173,2020-06-06,US,60000
146,477,2019-09-03,US,160000
147,329,2019-05-31,BR,80000
148,505,2019-01-03,BR,100000
149,510,2020-12-31,US,80000
150,482,2021-01-06,ES,100000
151,578,2019-11-20,US,140000
152,170,2019-12-15,ES,160000
153,139,2021-11-30,CO,80000
154,299,2019-03-19,CO,180000
155,480,2019-05-03,ES,20000
156,750,2019-09-20,ES,120000
157,1,2021-10-29,BR,120000
158,226,2021-02-14,CO,160000
159,677,2019-11-23,BR,180000
160,439,2021-03-26,US,200000
161,214,2019-06-16,BR,120000
162,173,2019-04-29,CO,20000
163,42,2021-06-30,BR,140000
164,173,2019-01-30,ES,180000
165,664,2019-02-08,ES,120000
166,784,2021-07-09,BR,200000
167,248,2020-01-05,BR,80000
168,184,2020-04-16,BR,20000
169,222,2020-09-01,CO,140000
170,520,2021-10-16,US,160000
171,652,2019-12-10,BR,180000
172,262,2020-10-03,CO,80000
173,796,2020-10-08,US,100000
174,365,2021-10-24,CO,160000
175,730,2019-09-01,US,200000
176,185,2021-10-14,ES,40000
177,101,2020-07-29,ES,200000
178,455,2019-01-05,US,20000
179,344,2020-09-21,ES,200000
180,264,2020-07-25,ES,60000
181,475,2021-04-04,BR,80000
182,223,2020-09-06,CO,20000
183,745,2021-01-23,BR,200000
184,493,2020-04-23,US,80000
185,549,2019-11-04,US,120000
186,567,2021-06-12,CO,80000
187,313,2019-04-19,US,100000
188,70,2020-11-01,BR,160000
189,57,2019-10-28,US,80000
190,69,2021-09-12,ES,80000
191,695,2021-01-02,CO,200000
192,363,2021-06-08,US,200000
193,355,2021-05-28,CO,20000
194,650,2020-07-06,CO,40000
195,584,2021-07-19,US,120000
196,433,2020-02-13,CO,80000
197,732,2019-01-20,CO,60000
198,456,2019-10-22,CO,160000
199,598,2020-02-02,BR,140000
200,107,2020-03-29,CO,100000
201,310,2021-11-23,US,180000
202,433,2019-03-27,ES,80000
203,660,2020-04-27,ES,200000
204,737,2020-10-07,CO,40000
205,120,2021-06-09,ES,60000
206,131,2021-09-14,US,140000
207,195,2020-05-18,BR,60000
208,18,2020-03-24,ES,40000
209,23,2019-10-21,ES,200000
210,523,2020-08-31,ES,200000
211,299,2020-08-10,BR,140000
212,422,2019-02-03,US,140000
213,405,2020-10-25,BR,100000
214,296,2020-09-14,ES,20000
215,124,2021-07-05,BR,80000
216,797,2019-03-27,ES,40000
217,379,2019-10-13,CO,200000
218,468,2021-02-11,CO,140000
219,708,2020-06-29,BR,140000
220,739,2021-07-18,US,100000
221,34,2021-11-05,ES,120000
222,369,2020-11-10,ES,80000
223,145,2021-08-22,CO,140000
224,73,2020-01-01,ES,40000
225,94,2021-07-19,ES,200000
226,709,2019-07-16,CO,60000
227,360,2020-06-25,CO,60000
228,756,2021-12-01,US,60000
229,379,2021-05-14,BR,140000
230,526,2021-08-13,BR,80000
231,722,2020-09-26,CO,120000
232,594,2019-01-16,ES,120000
233,129,2019-06-21,ES,20000
234,125,2021-10-29,CO,160000
235,601,2021-09-21,BR,80000
236,100,2019-10-23,BR,200000
237,783,2020-08-06,US,180000
238,128,2019-05-10,CO,60000
239,667,2021-04-24,BR,140000
240,174,2019-06-26,US,80000
241,14,2020-02-22,BR,180000
242,2,2020-04-06,CO,180000
243,767,2019-01-08,US,120000
244,381,2019-12-19,ES,40000
245,746,2019-11-16,CO,100000
246,247,2021-07-01,CO,200000
247,86,2020-01-15,BR,160000
248,688,2020-08-03,ES,80000
249,775,2021-08-25,US,60000
250,241,2019-12-05,CO,120000
251,601,2021-09-22,BR,20000
252,282,2020-09-14,ES,60000
253,467,2019-12-12,ES,140000
254,756,2021-05-15,ES,180000
255,514,2021-07-27,CO,180000
256,782,2020-11-24,ES,180000
257,185,2019-04-26,CO,120000
258,295,2020-09-30,ES,60000
259,367,2019-02-03,ES,180000
260,30,2021-05-12,ES,60000
261,458,2021-03-07,US,40000
262,576,2020-11-04,BR,140000
263,567,2019-04-09,ES,160000
264,529,2019-10-18,US,200000
265,147,2021-03-10,ES,160000
266,292,2019-03-05,US,80000
267,537,2020-05-30,US,20000
268,723,2019-08-20,BR,200000
269,610,2021-04-20,CO,100000
270,66,2021-07-09,US,40000
271,118,2019-10-14,BR,120000
272,69,2020-11-23,ES,140000
273,230,2020-09-04,ES,100000
274,273,2019-01-30,CO,40000
275,582,2019-10-01,US,40000
276,245,2021-08-22,BR,140000
277,676,2019-06-13,US,200000
278,695,2020-01-04,ES,180000
279,683,2020-10-24,CO,140000
280,306,2021-09-18,ES,80000
281,4,2019-08-09,BR,120000
282,202,2019-10-25,BR,40000
283,205,2021-06-10,CO,200000
284,247,2021-10-15,US,100000
285,36,2021-09-02,US,80000
286,765,2019-09-01,US,160000
287,143,2020-07-27,CO,100000
288,350,2021-12-08,ES,180000
289,287,2021-12-30,ES,140000
290,726,2020-10-03,US,80000
291,2,2019-06-21,US,80000
292,621,2019-05-26,CO,140000
293,284,2020-11-27,BR,180000
294,290,2021-09-16,CO,180000
295,550,2020-12-25,US,80000
296,310,2021-01-24,BR,140000
297,63,2021-10-14,BR,60000
298,547,2019-07-06,CO,180000
299,88,2021-08-06,BR,80000
300,513,2019-11-07,US,200000
301,759,2019-06-07,CO,200000
302,779,2019-04-09,CO,140000
303,333,2019-02-20,BR,180000
304,568,2020-03-03,BR,180000
305,323,2020-09-28,CO,100000
306,61,2021-09-22,BR,20000
307,735,2019-04-21,CO,200000
308,476,2021-10-02,ES,160000
309,778,2021-04-05,ES,80000
310,43,2020-03-25,CO,100000
311,751,2019-06-09,ES,100000
312,598,2021-05-12,ES,140000
313,215,2021-05-06,ES,60000
314,35,2019-11-28,CO,140000
315,483,2019-11-13,US,80000
316,454,2020-12-11,BR,100000
317,232,2019-03-03,US,80000
318,700,2019-12-13,US,100000
319,104,2020-02-25,CO,180000
320,732,2021-01-14,BR,120000
321,741,2021-04-03,BR,200000
322,172,2021-12-06,ES,180000
323,545,2021-09-12,BR,80000
324,718,2019-09-28,ES,120000
325,238,2019-05-12,ES,80000
326,586,2019-10-23,BR,60000
327,210,2020-03-10,BR,200000
328,636,2019-01-18,CO,180000
329,368,2020-07-12,CO,120000
330,534,2021-01-28,US,140000
331,735,2019-07-28,CO,160000
332,373,2019-11-08,US,100000
333,772,2020-01-29,BR,60000
334,6,2021-07-20,ES,40000
335,488,2021-06-07,ES,20000
336,286,2019-07-29,ES,20000
337,163,2021-05-12,BR,180000
338,461,2021-12-05,CO,160000
339,298,2019-02-03,BR,60000
340,313,2021-05-14,CO,180000
341,198,2021-06-03,BR,100000
342,251,2019-04-26,BR,180000
343,356,2019-08-13,CO,120000
344,172,2019-12-15,US,60000
345,28,2019-03-28,CO,20000
346,491,2019-02-13,US,140000
347,44,2021-10-15,ES,60000
348,579,2019-12-04,ES,140000
349,575,2021-03-28,CO,40000
350,274,2020-11-17,BR,140000
351,790,2021-09-05,ES,100000
352,250,2021-10-26,ES,180000
353,513,2019-11-20,ES,100000
354,724,2021-08-07,CO,60000
355,27,2021-01-23,BR,20000
356,70,2021-06-12,ES,20000
357,421,2020-07-13,CO,100000
358,336,2019-06-01,BR,40000
359,396,2020-11-11,CO,200000
360,398,2021-12-25,US,120000
361,118,2021-11-10,BR,140000
362,646,2021-04-07,US,160000
363,754,2020-06-19,BR,120000
364,237,2020-06-12,CO,20000
365,166,2021-06-24,BR,140000
366,181,2021-06-21,CO,200000
367,243,2020-04-19,ES,20000
368,762,2020-08-14,BR,40000
369,335,2019-12-28,ES,120000
370,798,2019-11-15,ES,200000
371,288,2019-07-23,ES,120000
372,185,2019-01-14,BR,60000
373,636,2019-08-04,US,100000
374,480,2020-01-09,US,40000
375,372,2020-05-03,US,80000
376,559,2019-03-23,ES,20000
377,293,2021-01-08,US,180000
378,679,2020-10-09,CO,20000
379,610,2020-11-28,CO,140000
380,375,2020-02-17,US,40000
381,143,2021-11-08,ES,20000
382,624,2019-05-16,ES,100000
383,148,2019-11-28,ES,20000
384,529,2021-10-08,BR,160000
385,416,2021-07-06,US,120000
386,434,2019-06-14,ES,40000
387,768,2021-10-03,ES,60000
388,674,2019-09-17,BR,60000
389,57,2020-01-09,CO,180000
390,619,2020-08-23,BR,20000
391,664,2020-05-11,BR,20000
392,158,2021-07-23,BR,80000
393,104,2021-02-18,US,40000
394,301,2019-05-08,BR,100000
395,181,2019-01-19,BR,180000
396,338,2021-06-02,US,100000
397,517,2020-09-08,ES,40000
398,195,2019-04-14,CO,20000
399,418,2021-06-24,US,40000
400,231,2021-12-23,BR,100000
401,567,2021-12-07,US,60000
402,790,2021-01-15,BR,20000
403,539,2021-05-21,BR,200000
404,710,2021-05-13,US,200000
405,485,2021-05-23,BR,180000
406,34,2019-06-23,CO,200000
407,796,2021-06-09,BR,180000
408,663,2020-05-08,US,160000
409,657,2020-02-25,US,180000
410,441,2020-10-31,BR,60000
411,315,2020-05-12,ES,120000
412,267,2021-07-12,US,60000
413,541,2020-02-28,BR,80000
414,778,2021-03-10,US,200000
415,490,2021-07-27,US,80000
416,344,2021-04-22,US,20000
417,343,2019-07-11,BR,160000
418,44,2020-11-06,ES,60000
419,265,2021-04-08,CO,40000
420,207,2020-05-13,CO,160000
421,596,2019-03-25,US,40000
422,515,2021-04-09,US,80000
423,440,2019-07-17,ES,80000
424,490,2021-02-22,US,40000
425,491,2019-08-07,US,160000
426,740,2019-05-05,CO,40000
427,784,2021-07-17,ES,20000
428,800,2020-03-19,ES,20000
429,470,2019-05-05,BR,160000
430,493,2020-11-08,CO,140000
431,363,2021-05-10,ES,60000
432,505,2019-02-07,US,80000
433,775,2019-12-29,ES,200000
434,450,2019-10-17,BR,200000
435,17,2019-04-30,US,100000
436,373,2021-07-18,US,200000
437,5,2020-12-12,BR,180000
438,397,2021-08-16,ES,120000
439,515,2020-11-23,ES,160000
440,338,2019-12-02,BR,120000
441,337,2019-12-14,CO,20000
442,508,2020-06-21,ES,180000
443,464,2021-02-11,ES,120000
444,253,2019-02-28,US,180000
445,729,2019-01-10,US,60000
446,704,2019-11-08,US,80000
447,263,2021-10-12,US,80000
448,291,2021-08-14,US,200000
449,45,2019-09-14,ES,100000
450,769,2020-06-27,ES,120000
451,539,2021-08-14,BR,80000
452,520,2021-05-16,CO,20000
453,306,2020-05-11,US,80000
454,329,2020-09-18,ES,120000
455,500,2021-03-12,BR,160000
456,151,2019-10-28,BR,80000
457,699,2021-11-01,CO,120000
458,590,2020-07-19,CO,160000
459,450,2019-07-22,BR,120000
460,90,2020-09-19,BR,180000
461,46,2020-12-15,CO,40000
462,620,2021-03-26,CO,200000
463,503,2021-05-14,ES,100000
464,589,2020-03-09,BR,20000
465,202,2020-06-09,US,140000
466,713,2020-09-14,US,20000
467,286,2019-12-29,ES,180000
468,680,2020-10-24,US,200000
469,22,2021-06-26,ES,140000
470,25,2019-03-28,ES,60000
471,640,2019-02-19,ES,180000
472,196,2021-07-27,CO,180000
473,176,2019-09-15,BR,140000
474,88,2020-03-12,ES,60000
475,264,2021-02-06,ES,60000
476,714,2019-08-12,CO,100000
477,166,2020-07-04,ES,200000
478,367,2019-12-06,BR,200000
479,630,2020-05-13,US,180000
480,229,2019-08-30,CO,180000
481,133,2020-02-16,ES,60000
482,134,2021-12-03,BR,20000
483,601,2021-07-25,CO,60000
484,30,2020-09-15,ES,180000
485,115,2021-09-08,US,140000
486,64,2020-05-11,CO,60000
487,432,2021-11-20,CO,20000
488,436,2021-12-28,ES,40000
489,191,2019-09-19,US,120000
490,76,2021-04-22,CO,160000
491,100,2020-08-22,ES,180000
492,579,2021-03-13,BR,120000
493,280,2021-10-09,ES,60000
494,174,2019-11-15,CO,20000
495,631,2021-03-18,US,140000
496,56,2019-01-10,ES,40000
497,352,2021-07-24,ES,60000
498,373,2021-03-26,US,120000
499,506,2021-09-15,CO,120000
500,453,2019-02-21,CO,120000
501,687,2021-10-29,ES,180000
502,656,2019-03-13,BR,200000
503,358,2020-09-11,CO,180000
504,689,2021-06-05,CO,200000
505,44,2019-10-14,CO,200000
506,545,2021-02-19,CO,160000
507,445,2020-10-07,BR,20000
508,721,2019-03-23,CO,80000
509,230,2019-05-19,US,60000
510,190,2021-12-09,ES,140000
511,642,2021-11-08,CO,160000
512,521,2019-11-01,US,80000
513,430,2019-02-12,CO,180000
514,496,2020-01-10,ES,140000
515,263,2019-02-15,BR,160000
516,101,2021-09-05,BR,200000
517,378,2020-10-23,CO,40000
518,263,2020-06-02,BR,120000
519,539,2020-05-10,CO,40000
520,359,2019-11-28,ES,200000
521,164,2019-11-10,CO,160000
522,382,2020-05-11,US,60000
523,435,2021-06-12,CO,20000
524,323,2021-09-30,BR,180000
525,515,2019-04-22,ES,160000
526,602,2021-05-24,ES,140000
527,482,2020-04-12,ES,60000
528,252,2021-10-15,BR,140000
529,795,2020-05-27,CO,80000
530,136,2020-06-03,CO,120000
531,361,2019-02-09,US,140000
532,497,2021-11-20,CO,180000
533,66,2020-02-22,CO,20000
534,662,2020-03-06,BR,80000
535,377,2020-04-01,ES,140000
536,152,2021-06-06,ES,80000
537,397,2020-05-16,US,40000
538,33,2020-03-09,US,80000
539,114,2021-02-12,BR,140000
540,327,2019-05-11,BR,200000
541,446,2021-04-29,BR,100000
542,408,2019-05-13,US,80000
543,359,2019-07-11,US,40000
544,309,2021-09-29,US,120000
545,529,2021-02-04,US,200000
546,574,2019-09-12,US,180000
547,352,2020-08-18,US,140000
548,141,2019-08-30,BR,40000
549,483,2021-03-21,US,200000
550,569,2019-11-13,CO,40000
551,82,2019-08-07,ES,80000
552,322,2019-11-21,BR,160000
553,773,2020-12-11,BR,120000
554,141,2021-09-24,ES,80000
555,260,2021-10-31,US,140000
556,266,2019-12-31,BR,40000
557,117,2020-01-03,BR,20000
558,337,2019-09-12,ES,140000
559,789,2019-06-28,ES,20000
560,194,2021-12-29,ES,140000
561,492,2019-02-27,US,120000
562,262,2021-04-24,BR,200000
563,133,2021-01-09,BR,120000
564,689,2019-08-06,US,200000
565,639,2021-07-19,ES,120000
566,526,2021-08-09,US,80000
567,69,2020-01-25,CO,100000
568,110,2020-02-15,BR,140000
569,767,2019-07-30,CO,80000
570,653,2020-12-04,US,160000
571,77,2019-09-06,ES,100000
572,147,2021-04-05,CO,80000
573,51,2021-12-23,CO,120000
574,336,2021-10-20,ES,60000
575,234,2021-01-21,US,200000
576,612,2020-11-07,CO,80000
577,80,2020-10-12,BR,120000
578,723,2019-07-13,CO,100000
579,264,2021-08-31,US,140000
580,507,2020-10-13,BR,100000
581,667,2019-02-21,US,140000
582,799,2021-10-14,ES,140000
583,403,2021-08-28,BR,20000
584,39,2020-05-09,US,60000
585,541,2019-02-15,ES,20000
586,135,2019-06-17,CO,80000
587,226,2020-12-06,US,160000
588,155,2020-04-26,ES,80000
589,21,2019-08-06,BR,60000
590,169,2021-09-23,US,20000
591,495,2021-07-05,US,120000
592,17,2019-08-09,CO,120000
593,470,2020-02-01,CO,60000
594,74,2020-07-09,CO,20000
595,30,2019-07-10,CO,100000
596,442,2021-03-14,BR,120000
597,656,2019-08-22,CO,80000
598,755,2019-02-07,US,140000
599,694,2021-08-18,ES,20000
600,571,2019-07-05,CO,160000
601,235,2021-02-16,CO,40000
602,532,2021-05-17,BR,60000
603,61,2020-12-08,US,100000
604,729,2020-12-09,CO,160000
605,512,2020-02-04,ES,80000
606,317,2021-10-30,BR,40000
607,697,2019-07-07,BR,160000
608,109,2019-12-27,ES,180000
609,425,2020-03-22,BR,20000
610,383,2020-03-07,CO,80000
611,21,2019-05-23,ES,120000
612,668,2021-06-04,US,200000
613,540,2021-01-21,US,200000
614,164,2021-10-27,CO,140000
615,171,2019-09-14,CO,120000
616,575,2019-10-28,CO,100000
617,54,2019-11-13,US,80000
618,200,2020-04-19,BR,80000
619,685,2020-05-24,ES,20000
620,534,2019-07-28,ES,160000
621,555,2020-12-29,CO,120000
622,711,2021-07-15,US,140000
623,569,2021-09-16,CO,20000
624,390,2021-08-19,BR,200000
625,105,2019-04-14,CO,120000
626,502,2021-02-02,ES,120000
627,72,2020-09-13,ES,160000
628,269,2021-01-24,CO,60000
629,5,2019-11-26,BR,160000
630,416,2019-06-26,CO,100000
631,469,2021-09-11,ES,160000
632,633,2021-05-26,CO,60000
633,318,2020-04-20,BR,200000
634,613,2019-09-14,ES,100000
635,762,2020-03-19,CO,40000
636,454,2021-03-04,ES,60000
637,763,2019-02-03,US,120000
638,314,2020-09-04,US,100000
639,759,2020-11-25,CO,40000
640,606,2020-08-20,ES,120000
641,53,2020-01-08,US,60000
642,512,2019-04-28,CO,40000
643,178,2020-03-30,ES,80000
644,676,2019-06-08,ES,80000
645,599,2021-10-03,CO,40000
646,673,2021-03-12,CO,200000
647,438,2020-10-08,ES,140000
648,313,2019-01-28,CO,180000
649,749,2021-12-30,US,140000
650,435,2021-07-17,US,80000
651,555,2020-05-13,US,140000
652,164,2019-02-21,US,120000
653,797,2019-09-13,US,180000
654,56,2020-06-02,BR,120000
655,402,2020-11-16,CO,200000
656,182,2019-05-03,US,100000
657,6,2019-07-02,US,200000
658,420,2020-02-13,CO,160000
659,281,2020-09-21,ES,100000
660,230,2020-09-17,BR,120000
661,357,2019-09-20,BR,140000
662,477,2019-01-02,US,40000
663,532,2019-12-12,US,180000
664,377,2020-05-21,CO,40000
665,149,2021-04-12,ES,20000
666,510,2021-05-06,CO,140000
667,445,2021-10-10,CO,100000
668,759,2021-01-03,ES,160000
669,369,2021-10-29,CO,180000
670,26,2021-09-30,ES,140000
671,364,2020-02-06,BR,40000
672,26,2021-05-29,CO,80000
673,693,2021-09-08,BR,60000
674,490,2021-10-30,BR,180000
675,129,2019-04-06,ES,80000
676,523,2020-05-15,US,60000
677,241,2021-01-25,BR,60000
678,257,2019-09-30,CO,160000
679,777,2021-12-05,CO,80000
680,759,2021-07-16,ES,200000
681,744,2019-06-16,US,60000
682,370,2020-05-14,BR,120000
683,756,2021-01-20,US,120000
684,348,2020-11-17,US,40000
685,717,2019-04-03,ES,200000
686,518,2021-10-11,BR,180000
687,342,2019-04-08,US,100000
688,66,2021-10-18,US,140000
689,449,2019-06-15,CO,60000
690,126,2020-02-17,ES,180000
691,321,2021-01-26,US,200000
692,480,2021-12-31,CO,80000
693,668,2019-09-11,US,180000
694,432,2019-10-25,ES,140000
695,528,2021-01-05,BR,40000
696,478,2021-07-07,CO,40000
697,80,2020-04-30,ES,60000
698,275,2019-01-10,US,200000
699,466,2019-03-25,CO,140000
700,202,2019-02-03,BR,100000
701,123,2021-08-08,BR,60000
702,498,2021-11-09,CO,120000
703,642,2021-09-05,BR,80000
704,255,2019-09-10,US,140000
705,574,2019-03-23,CO,200000
706,226,2020-01-14,BR,60000
707,390,2019-01-06,BR,100000
708,78,2019-02-17,ES,100000
709,368,2020-07-05,US,20000
710,141,2019-12-14,US,40000
711,522,2021-07-13,ES,60000
712,740,2020-07-17,CO,20000
713,2,2020-04-16,CO,20000
714,695,2020-12-18,CO,20000
715,468,2021-07-14,CO,120000
716,644,2021-06-29,BR,20000
717,294,2020-09-16,US,60000
718,420,2021-09-19,US,60000
719,591,2021-11-09,US,80000
720,22,2020-04-29,CO,20000
721,346,2020-09-09,BR,40000
722,742,2020-12-09,US,60000
723,731,2020-07-21,BR,60000
724,438,2019-09-30,US,120000
725,695,2019-07-07,BR,200000
726,652,2019-04-07,BR,60000
727,193,2019-09-23,BR,200000
728,629,2021-04-22,CO,180000
729,79,2020-05-20,US,20000
730,47,2019-02-19,ES,200000
731,182,2021-04-16,CO,20000
732,581,2019-06-03,US,160000
733,790,2021-03-04,ES,160000
734,419,2019-08-07,ES,200000
735,217,2021-03-22,US,20000
736,86,2019-01-19,BR,200000
737,331,2020-10-24,US,180000
738,525,2019-11-29,BR,140000
739,797,2019-07-09,CO,60000
740,718,2019-09-09,US,80000
741,793,2021-07-26,CO,180000
742,216,2021-06-30,US,120000
743,433,2020-06-16,US,20000
744,9,2021-03-07,US,100000
745,406,2021-02-21,ES,200000
746,66,2021-10-31,US,120000
747,458,2019-09-02,ES,160000
748,770,2020-07-08,CO,40000
749,715,2021-08-19,BR,80000
750,172,2020-04-10,BR,120000
751,49,2019-05-31,ES,200000
752,275,2019-03-10,CO,20000
753,162,2020-08-02,US,20000
754,55,2020-05-27,BR,100000
755,154,2021-12-23,CO,180000
756,521,2021-07-03,ES,60000
757,634,2019-01-23,CO,20000
758,107,2019-07-18,US,200000
759,200,2020-07-07,ES,40000
760,270,2021-06-10,US,40000
761,619,2020-06-29,US,180000
762,185,2019-10-28,ES,20000
763,368,2021-08-20,US,20000
764,774,2019-09-22,BR,80000
765,302,2020-11-28,US,140000
766,350,2021-08-11,CO,120000
767,551,2020-07-18,ES,120000
768,663,2019-09-20,CO,160000
769,784,2021-07-20,US,80000
770,385,2021-10-10,CO,40000
771,633,2021-05-06,BR,60000
772,372,2020-01-03,US,120000
773,222,2021-06-22,CO,160000
774,680,2021-08-13,BR,40000
775,246,2020-08-31,CO,200000
776,33,2019-03-13,US,60000
777,619,2019-05-27,CO,180000
778,448,2019-05-27,US,20000
779,234,2020-04-28,BR,100000
780,786,2021-12-06,ES,100000
781,511,2021-10-13,BR,180000
782,152,2019-09-06,US,120000
783,146,2019-04-24,BR,60000
784,518,2021-02-24,ES,100000
785,592,2020-06-19,US,140000
786,516,2021-12-16,ES,40000
787,512,2021-09-19,BR,40000
788,442,2019-09-19,ES,60000
789,518,2020-11-02,ES,200000
790,357,2019-06-23,CO,120000
791,486,2020-10-10,BR,80000
792,444,2019-05-10,US,200000
793,600,2021-04-23,BR,60000
794,492,2020-09-11,BR,160000
795,256,2019-06-12,US,80000
796,713,2020-01-14,ES,100000
797,105,2021-05-08,CO,180000
798,387,2020-09-03,ES,140000
799,187,2019-10-07,BR,120000
800,284,2019-10-11,ES,40000
801,72,2020-01-08,ES,200000
802,644,2020-07-08,BR,40000
803,173,2019-10-17,BR,40000
804,128,2021-09-21,US,180000
805,485,2021-05-28,BR,200000
806,671,2020-07-22,BR,140000
807,301,2019-02-24,CO,140000
808,610,2021-01-17,CO,20000
809,535,2019-07-20,BR,140000
810,212,2021-01-03,BR,140000
811,501,2019-01-25,BR,180000
812,685,2019-12-26,BR,100000
813,587,2020-12-03,US,40000
814,154,2019-02-27,ES,40000
815,789,2021-03-16,ES,120000
816,416,2019-08-01,CO,180000
817,50,2021-09-11,ES,20000
818,439,2021-12-06,US,180000
819,475,2020-10-28,US,80000
820,329,2019-08-02,CO,100000
821,760,2021-11-07,US,80000
822,527,2021-07-23,BR,120000
823,756,2020-10-04,BR,200000
824,444,2021-07-04,CO,20000
825,316,2019-10-08,BR,100000
826,438,2021-07-11,CO,80000
827,789,2020-08-27,US,120000
828,714,2020-11-09,BR,20000
829,419,2020-06-26,US,40000
830,100,2021-07-11,BR,200000
831,490,2020-12-26,BR,180000
832,314,2019-03-04,CO,200000
833,2,2020-07-21,CO,120000
834,366,2021-02-21,ES,80000
835,458,2021-03-06,ES,60000
836,240,2021-03-08,CO,120000
837,427,2019-09-18,BR,160000
838,513,2019-11-02,ES,80000
839,217,2020-04-20,ES,120000
840,735,2021-08-07,ES,120000
841,798,2020-04-30,ES,60000
842,191,2020-05-19,ES,60000
843,477,2021-06-24,US,20000
844,685,2019-12-15,US,100000
845,515,2020-12-28,BR,200000
846,599,2019-04-02,BR,200000
847,441,2019-08-01,ES,120000
848,51,2021-04-28,ES,200000
849,150,2020-06-17,CO,200000
850,33,2019-03-15,BR,40000
851,600,2019-07-27,ES,40000
852,532,2020-03-26,BR,60000
853,463,2020-08-02,ES,40000
854,551,2021-09-17,US,40000
855,498,2021-02-22,ES,200000
856,625,2019-12-04,US,40000
857,172,2019-06-03,US,160000
858,280,2020-03-16,BR,80000
859,17,2021-09-08,BR,160000
860,114,2019-09-06,BR,140000
861,263,2020-01-09,BR,180000
862,491,2021-03-18,US,100000
863,637,2020-04-08,ES,40000
864,294,2021-04-17,CO,160000
865,144,2021-07-04,BR,160000
866,134,2019-09-15,ES,80000
867,671,2021-05-08,BR,60000
868,303,2021-02-18,US,140000
869,661,2021-12-23,ES,20000
870,147,2020-12-24,CO,100000
871,338,2021-07-25,ES,100000
872,94,2021-10-21,ES,200000
873,469,2021-01-06,BR,140000
874,224,2019-11-10,US,20000
875,498,2020-10-19,ES,140000
876,178,2021-08-08,ES,160000
877,40,2019-08-02,BR,200000
878,108,2021-08-22,CO,100000
879,38,2021-08-06,US,120000
880,681,2019-07-07,ES,60000
881,122,2021-11-12,ES,120000
882,30,2021-03-30,CO,160000
883,545,2019-06-20,BR,140000
884,755,2020-01-28,BR,40000
885,524,2021-12-02,ES,200000
886,69,2020-12-29,BR,40000
887,321,2021-02-02,CO,20000
888,582,2021-03-02,BR,100000
889,750,2021-08-12,CO,100000
890,385,2019-11-06,BR,140000
891,387,2020-07-03,BR,80000
892,4,2019-11-12,ES,200000
893,765,2020-05-04,US,40000
894,367,2019-02-06,US,140000
895,495,2019-11-25,BR,160000
896,79,2021-11-19,BR,120000
897,682,2020-07-04,ES,140000
898,90,2020-01-17,CO,60000
899,280,2021-04-09,ES,20000
900,438,2021-04-29,US,120000
901,573,2019-04-21,US,180000
902,135,2019-08-22,US,100000
903,198,2021-02-19,CO,40000
904,434,2020-08-29,ES,180000
905,170,2021-05-27,BR,80000
906,530,2021-12-27,ES,80000
907,500,2020-08-08,ES,140000
908,338,2020-08-14,BR,20000
909,232,2019-11-09,US,80000
910,478,2019-11-26,ES,200000
911,509,2021-09-09,US,200000
912,791,2020-07-20,CO,140000
913,296,2019-01-21,CO,200000
914,787,2021-02-17,ES,200000
915,404,2019-07-06,US,60000
916,325,2021-09-26,ES,20000
917,598,2021-07-01,ES,120000
918,75,2019-09-17,CO,40000
919,275,2019-09-15,ES,40000
920,208,2021-08-17,ES,60000
921,321,2019-11-04,CO,200000
922,617,2021-06-03,BR,160000
923,407,2021-09-15,CO,60000
924,538,2021-06-04,US,200000
925,354,2020-08-20,BR,40000
926,765,2019-10-16,US,40000
927,464,2019-09-30,BR,100000
928,195,2019-01-13,BR,140000
929,267,2020-01-23,US,60000
930,473,2021-02-10,US,80000
931,247,2020-08-15,ES,160000
932,119,2019-03-19,CO,200000
933,593,2020-05-22,US,20000
934,513,2019-02-25,BR,80000
935,112,2019-10-01,US,20000
936,762,2019-03-19,ES,180000
937,316,2020-11-26,US,180000
938,316,2020-01-17,CO,20000
939,706,2020-10-08,CO,120000
940,45,2021-12-29,US,40000
941,242,2020-01-24,BR,200000
942,787,2019-11-25,BR,100000
943,29,2021-08-18,US,20000
944,61,2019-03-26,ES,160000
945,221,2019-05-02,US,40000
946,348,2019-08-20,BR,60000
947,557,2020-04-06,US,20000
948,227,2020-12-06,BR,60000
949,503,2021-07-11,ES,20000
950,519,2020-11-07,ES,140000
951,58,2021-03-17,US,80000
952,791,2019-02-14,CO,160000
953,734,2021-07-24,US,200000
954,481,2021-06-07,US,100000
955,718,2019-08-01,ES,100000
956,58,2019-02-11,ES,100000
957,548,2021-12-21,BR,60000
958,720,2020-01-07,US,80000
959,47,2021-06-19,CO,40000
960,794,2019-05-21,BR,180000
961,94,2019-07-23,ES,40000
962,105,2021-04-16,BR,20000
963,503,2020-11-01,BR,180000
964,420,2020-05-15,ES,20000
965,92,2021-12-06,CO,120000
966,515,2020-02-02,BR,200000
967,119,2019-07-29,CO,140000
968,350,2019-05-24,BR,120000
969,614,2020-01-11,US,80000
970,798,2019-04-28,CO,200000
971,716,2020-01-19,ES,160000
972,43,2021-01-04,US,200000
973,299,2021-03-23,ES,200000
974,471,2020-03-28,ES,140000
975,72,2021-09-18,BR,60000
976,220,2020-07-18,ES,180000
977,37,2019-04-23,BR,140000
978,70,2020-03-01,ES,140000
979,52,2020-07-28,US,20000
980,494,2021-07-28,US,20000
981,675,2020-10-15,CO,140000
982,257,2019-02-23,BR,200000
983,356,2019-05-03,US,140000
984,344,2021-05-21,BR,20000
985,502,2020-10-10,BR,160000
986,573,2019-02-09,ES,140000
987,710,2020-08-18,US,80000
988,168,2019-12-05,BR,200000
989,468,2020-05-29,BR,140000
990,133,2021-11-04,CO,20000
991,790,2021-06-04,US,140000
992,591,2020-05-19,CO,20000
993,91,2019-09-10,CO,120000
994,417,2021-04-23,BR,20000
995,597,2019-11-17,ES,100000
996,88,2019-02-15,US,120000
997,451,2019-12-27,BR,40000
998,621,2021-03-06,CO,80000
999,32,2021-02-19,BR,160000
1000,70,2021-06-23,BR,100000
1001,3,2019-06-22,US,140000
1002,612,2019-01-24,CO,80000
1003,40,2020-11-07,US,120000
1004,491,2021-06-18,ES,20000
1005,437,2021-07-20,US,80000
1006,434,2020-02-20,US,20000
1007,97,2021-06-26,BR,20000
1008,597,2019-07-13,ES,180000
1009,295,2019-06-22,ES,140000
1010,452,2021-02-21,CO,20000
1011,4,2020-08-22,CO,60000
1012,568,2019-10-24,US,100000
1013,131,2021-10-25,BR,200000
1014,439,2021-01-12,US,100000
1015,403,2019-10-04,CO,20000
1016,795,2021-02-04,CO,120000
1017,71,2021-12-08,CO,60000
1018,289,2020-05-05,BR,100000
1019,649,2020-04-07,ES,120000
1020,794,2020-03-14,BR,20000
1021,607,2020-11-07,US,60000
1022,379,2020-10-29,ES,20000
1023,75,2020-05-04,ES,180000
1024,394,2019-01-07,BR,60000
1025,626,2019-07-05,US,60000
1026,468,2020-02-25,CO,200000
1027,608,2020-02-13,ES,160000
1028,16,2019-05-14,CO,40000
1029,382,2019-05-25,ES,120000
1030,87,2021-10-09,BR,180000
1031,24,2020-08-01,CO,160000
1032,464,2019-09-04,US,200000
1033,469,2019-03-19,US,60000
1034,422,2019-09-13,US,40000
1035,482,2020-12-13,CO,100000
1036,44,2019-09-29,ES,40000
1037,733,2019-07-26,ES,200000
1038,539,2019-02-08,US,140000
1039,631,2019-03-04,BR,60000
1040,598,2021-02-05,BR,80000
1041,126,2019-10-09,CO,100000
1042,722,2019-07-03,CO,180000
1043,378,2020-02-12,CO,40000
1044,142,2020-09-25,BR,200000
1045,394,2021-10-30,ES,40000
1046,90,2019-11-14,CO,140000
1047,619,2020-04-11,ES,160000
1048,689,2021-03-29,US,180000
1049,568,2019-12-07,BR,180000
1050,208,2020-04-27,BR,40000
1051,654,2019-06-02,BR,40000
1052,443,2021-12-19,CO,180000
1053,156,2019-12-15,BR,60000
1054,678,2019-04-14,ES,200000
1055,117,2021-02-09,CO,120000
1056,249,2020-01-24,ES,80000
1057,648,2021-05-15,ES,180000
1058,506,2021-04-03,ES,40000
1059,617,2019-01-19,US,80000
1060,426,2021-11-01,CO,40000
1061,402,2020-12-10,US,20000
1062,651,2021-12-14,ES,160000
1063,650,2020-05-16,BR,160000
1064,81,2020-09-02,ES,20000
1065,34,2019-01-14,US,140000
1066,755,2020-09-24,BR,20000
1067,725,2021-10-18,CO,80000
1068,770,2020-07-14,US,120000
1069,731,2020-09-20,CO,40000
1070,376,2019-10-24,ES,100000
1071,409,2020-01-16,US,40000
1072,495,2021-09-17,US,80000
1073,624,2021-07-02,CO,200000
1074,198,2021-05-08,ES,60000
1075,429,2021-10-17,BR,100000
1076,400,2019-01-15,BR,20000
1077,393,2019-01-18,CO,160000
1078,718,2020-06-25,CO,20000
1079,470,2020-12-30,ES,120000
1080,572,2019-12-26,US,180000
1081,86,2021-12-31,ES,20000
1082,238,2020-07-21,BR,100000
1083,659,2021-11-23,BR,60000
1084,41,2020-11-29,BR,200000
1085,122,2021-07-06,US,180000
1086,775,2020-11-01,ES,140000
1087,190,2020-02-09,ES,80000
1088,529,2019-03-27,ES,140000
1089,161,2019-03-19,BR,200000
1090,740,2021-08-12,ES,40000
1091,711,2021-04-29,CO,140000
1092,320,2020-10-15,US,20000
1093,239,2019-12-26,ES,80000
1094,308,2021-04-22,CO,140000
1095,669,2019-09-19,CO,20000
1096,26,2021-04-12,BR,140000
1097,442,2020-07-21,ES,160000
1098,483,2021-06-24,BR,140000
1099,579,2019-09-25,ES,60000
1100,57,2020-07-30,CO,40000
1101,161,2020-07-30,US,40000
1102,278,2021-09-28,CO,200000
1103,390,2021-05-24,CO,40000
1104,26,2021-10-02,ES,200000
1105,684,2020-08-05,US,180000
1106,613,2020-05-31,ES,100000
1107,73,2020-07-07,CO,100000
1108,605,2019-08-26,ES,20000
1109,583,2020-01-24,BR,200000
1110,338,2019-11-11,CO,140000
1111,329,2021-05-10,CO,120000
1112,685,2019-07-01,ES,180000
1113,277,2021-11-05,CO,160000
1114,682,2021-12-26,US,80000
1115,544,2020-06-07,BR,180000
1116,524,2021-08-08,US,140000
1117,485,2020-11-20,ES,80000
1118,749,2020-02-20,CO,200000
1119,201,2020-03-19,BR,100000
1120,506,2020-03-14,BR,120000
1121,669,2019-12-17,ES,200000
1122,368,2019-08-31,CO,140000
1123,278,2020-01-12,US,60000
1124,676,2021-02-23,CO,160000
1125,272,2021-02-16,CO,180000
1126,45,2019-08-05,CO,20000
1127,207,2021-03-27,BR,60000
1128,694,2020-07-12,BR,40000
1129,630,2019-02-23,BR,120000
1130,714,2020-01-09,ES,200000
1131,477,2021-08-23,CO,120000
1132,301,2021-02-26,ES,100000
1133,68,2021-04-16,ES,140000
1134,194,2021-09-05,CO,40000
1135,296,2019-08-03,ES,40000
1136,439,2020-07-07,CO,180000
1137,525,2019-12-26,ES,40000
1138,198,2020-02-05,BR,60000
1139,587,2019-05-04,ES,200000
1140,434,2019-06-24,CO,140000
1141,246,2019-01-31,BR,40000
1142,559,2019-08-28,US,140000
1143,69,2021-12-16,BR,200000
1144,315,2019-12-25,ES,120000
1145,677,2019-10-02,US,140000
1146,643,2020-03-01,ES,80000
1147,483,2019-06-30,US,140000
1148,14,2019-05-16,ES,40000
1149,282,2020-08-21,CO,160000
1150,301,2019-10-11,US,140000
1151,183,2021-07-15,ES,180000
1152,710,2021-09-23,CO,160000
1153,331,2019-02-19,US,160000
1154,114,2020-09-27,ES,200000
1155,397,2019-02-07,US,160000
1156,466,2021-10-09,BR,100000
1157,697,2020-11-30,US,40000
1158,58,2019-09-25,BR,160000
1159,229,2021-06-06,US,60000
1160,676,2019-11-01,ES,200000
1161,425,2021-10-02,US,200000
1162,264,2019-02-08,US,120000
1163,324,2021-06-12,CO,80000
1164,393,2021-11-15,ES,180000
1165,132,2020-07-16,ES,160000
1166,95,2020-09-27,BR,200000
1167,50,2019-06-15,US,120000
1168,466,2019-05-20,BR,140000
1169,737,2019-04-01,US,180000
1170,544,2019-12-13,ES,80000
1171,408,2020-10-11,ES,140000
1172,24,2020-10-31,US,200000
1173,273,2021-04-21,CO,100000
1174,589,2019-06-20,BR,100000
1175,715,2021-12-01,BR,180000
1176,119,2020-01-06,BR,60000
1177,643,2021-11-11,US,60000
1178,116,2020-10-24,BR,140000
1179,652,2020-01-07,ES,60000
1180,51,2020-10-26,BR,180000
1181,98,2020-02-20,CO,160000
1182,603,2021-08-30,ES,180000
1183,290,2019-04-24,US,200000
1184,402,2019-01-13,US,160000
1185,235,2021-09-06,US,180000
1186,537,2020-11-13,BR,80000
1187,215,2021-08-11,US,60000
1188,177,2021-03-20,CO,100000
1189,83,2020-12-22,CO,80000
1190,744,2021-03-21,BR,60000
1191,754,2021-05-09,US,60000
1192,379,2019-08-27,ES,40000
1193,639,2019-05-14,US,100000
1194,730,2020-02-03,BR,20000
1195,438,2021-10-02,ES,80000
1196,793,2019-12-12,BR,160000
1197,50,2020-01-07,CO,120000
1198,438,2019-06-22,US,80000
1199,148,2020-11-24,ES,80000
1200,352,2019-06-14,ES,120000
1201,227,2019-11-09,CO,100000
1202,686,2021-05-06,CO,180000
1203,77,2019-01-13,BR,180000
1204,402,2021-07-25,CO,140000
1205,348,2019-06-03,US,120000
1206,579,2021-10-10,ES,180000
1207,668,2020-03-18,US,140000
1208,461,2019-01-09,US,80000
1209,699,2019-03-10,ES,160000
1210,613,2020-10-17,ES,100000
1211,105,2021-10-08,US,140000
1212,231,2020-01-19,ES,180000
1213,312,2021-08-08,CO,200000
1214,255,2019-03-08,CO,160000
1215,705,2021-01-26,ES,200000
1216,402,2021-06-20,US,60000
1217,46,2021-11-26,US,180000
1218,37,2021-06-24,CO,40000
1219,760,2021-09-03,US,200000
1220,320,2019-01-31,BR,160000
1221,658,2020-10-29,CO,140000
1222,204,2020-10-16,CO,20000
1223,351,2021-05-30,CO,140000
1224,88,2020-07-16,US,100000
1225,368,2019-02-17,US,100000
1226,427,2020-10-29,US,20000
1227,180,2021-10-29,CO,40000
1228,401,2019-02-21,CO,120000
1229,253,2021-08-26,BR,200000
1230,239,2020-07-24,ES,120000
1231,234,2019-07-27,ES,60000
1232,358,2019-12-27,BR,200000
1233,508,2021-09-23,BR,40000
1234,188,2021-02-16,CO,160000
1235,667,2021-01-20,ES,60000
1236,26,2021-09-28,ES,120000
1237,298,2019-02-16,CO,80000
1238,515,2020-06-17,BR,120000
1239,461,2021-04-02,US,60000
1240,613,2020-10-11,US,60000
1241,634,2020-06-19,CO,200000
1242,457,2021-06-26,CO,40000
1243,42,2020-08-22,US,140000
1244,388,2019-09-20,US,180000
1245,249,2020-02-02,US,60000
1246,785,2019-08-16,US,20000
1247,551,2021-07-08,BR,120000
1248,360,2020-09-20,CO,140000
1249,764,2020-03-22,CO,180000
1250,8,2021-11-01,BR,180000
1251,738,2019-10-15,CO,20000
1252,665,2020-08-19,US,40000
1253,688,2019-02-10,US,40000
1254,11,2020-12-07,CO,40000
1255,782,2021-01-05,US,100000
1256,547,2020-12-22,CO,120000
1257,68,2021-11-15,US,40000
1258,513,2021-05-30,BR,40000
1259,459,2021-08-23,BR,200000
1260,464,2019-03-30,US,120000
1261,691,2020-01-28,CO,80000
1262,404,2021-12-15,ES,40000
1263,339,2019-10-26,US,20000
1264,585,2021-12-11,CO,20000
1265,430,2020-05-06,BR,200000
1266,590,2019-08-05,CO,60000
1267,10,2019-07-22,BR,100000
1268,242,2020-04-13,CO,180000
1269,766,2020-06-06,US,180000
1270,662,2020-02-03,ES,160000
1271,788,2021-02-15,ES,80000
1272,524,2020-04-28,BR,20000
1273,198,2021-12-15,BR,100000
1274,115,2021-02-06,CO,140000
1275,736,2020-06-15,ES,40000
1276,246,2019-09-18,ES,160000
1277,453,2019-07-04,CO,100000
1278,4,2021-07-06,BR,140000
1279,18,2021-01-18,US,180000
1280,154,2020-07-21,ES,120000
1281,420,2019-08-22,US,160000
1282,595,2021-05-26,BR,120000
1283,612,2020-12-06,US,140000
1284,307,2020-02-22,BR,20000
1285,141,2019-08-31,US,40000
1286,9,2021-01-16,BR,40000
1287,568,2021-01-14,US,40000
1288,797,2019-01-05,ES,80000
1289,369,2020-05-07,BR,140000
1290,128,2020-02-25,ES,80000
1291,177,2020-02-11,CO,200000
1292,320,2020-07-12,ES,20000
1293,787,2020-12-17,US,140000
1294,466,2019-07-17,CO,80000
1295,420,2021-12-05,US,180000
1296,735,2020-04-10,CO,160000
1297,473,2021-05-29,US,200000
1298,50,2019-10-29,BR,160000
1299,23,2020-03-29,CO,160000
1300,288,2021-10-27,BR,40000
1301,409,2021-10-19,CO,160000
1302,237,2019-02-14,BR,140000
1303,759,2019-02-06,CO,180000
1304,357,2020-06-05,ES,160000
1305,103,2020-06-25,BR,100000
1306,253,2019-11-24,CO,200000
1307,175,2019-06-03,CO,40000
1308,581,2019-06-11,ES,200000
1309,570,2020-03-01,US,200000
1310,602,2019-11-16,ES,20000
1311,461,2020-05-01,US,160000
1312,346,2019-05-14,CO,80000
1313,45,2020-04-17,BR,120000
1314,530,2021-12-04,US,40000
1315,652,2021-04-17,ES,160000
1316,321,2019-05-15,ES,20000
1317,343,2020-10-28,US,180000
1318,168,2021-02-07,CO,20000
1319,160,2019-04-19,CO,180000
1320,656,2020-07-26,US,160000
1321,79,2020-02-04,US,160000
1322,244,2020-10-18,CO,120000
1323,605,2020-06-12,BR,120000
1324,563,2020-06-09,ES,40000
1325,352,2020-01-03,BR,20000
1326,312,2019-08-21,US,180000
1327,679,2020-02-20,BR,80000
1328,220,2019-01-10,ES,160000
1329,326,2020-11-21,ES,100000
1330,748,2019-04-27,ES,100000
1331,690,2019-01-15,BR,140000
1332,60,2019-05-15,US,40000
1333,530,2020-09-28,ES,20000
1334,271,2021-02-28,BR,100000
1335,330,2021-06-04,BR,60000
1336,121,2020-08-09,ES,120000
1337,579,2020-03-29,ES,80000
1338,350,2019-12-09,US,160000
1339,721,2019-06-10,BR,20000
1340,49,2020-09-03,US,140000
1341,134,2019-12-23,ES,120000
1342,179,2020-04-26,ES,120000
1343,551,2019-04-07,CO,140000
1344,234,2019-08-20,US,40000
1345,396,2021-04-04,US,40000
1346,458,2019-04-18,CO,40000
1347,101,2020-07-11,CO,40000
1348,502,2019-04-12,BR,20000
1349,681,2021-06-26,ES,60000
1350,362,2021-01-18,BR,140000
1351,568,2020-01-09,CO,40000
1352,175,2020-08-25,CO,120000
1353,483,2020-05-06,CO,40000
1354,59,2021-01-14,CO,20000
1355,779,2019-10-19,ES,60000
1356,281,2020-01-13,US,140000
1357,3,2020-06-10,BR,40000
1358,708,2019-12-14,CO,80000
1359,523,2020-02-17,US,40000
1360,11,2021-05-21,CO,120000
1361,703,2021-03-13,US,80000
1362,40,2020-11-18,BR,80000
1363,711,2019-04-20,BR,80000
1364,432,2021-07-26,BR,20000
1365,398,2019-10-08,ES,160000
1366,110,2020-07-20,BR,160000
1367,353,2019-07-04,US,160000
1368,554,2019-03-17,US,20000
1369,616,2021-09-28,CO,40000
1370,562,2021-03-30,CO,160000
1371,414,2020-01-17,ES,120000
1372,204,2019-06-18,BR,100000
1373,121,2019-11-17,CO,80000
1374,590,2019-11-12,BR,160000
1375,118,2021-10-29,ES,80000
1376,674,2020-03-08,CO,180000
1377,272,2019-06-19,US,140000
1378,260,2021-10-11,US,180000
1379,335,2019-12-19,ES,160000
1380,16,2021-10-07,ES,160000
1381,154,2020-04-13,BR,100000
1382,369,2019-02-07,CO,180000
1383,716,2019-07-03,US,20000
1384,486,2020-07-14,BR,140000
1385,561,2021-11-07,US,80000
1386,215,2020-06-10,BR,140000
1387,747,2019-03-10,BR,40000
1388,363,2021-03-01,ES,200000
1389,457,2021-11-13,BR,160000
1390,564,2019-05-19,US,40000
1391,453,2021-10-15,ES,140000
1392,568,2020-10-14,CO,20000
1393,290,2019-04-18,US,40000
1394,325,2021-02-14,CO,80000
1395,347,2019-07-22,CO,120000
1396,474,2020-09-12,ES,120000
1397,403,2021-11-27,CO,60000
1398,78,2020-02-15,ES,180000
1399,398,2020-09-24,US,160000
1400,637,2019-01-10,BR,20000
1401,325,2021-10-28,ES,160000
1402,29,2019-03-04,US,100000
1403,266,2021-02-14,ES,60000
1404,646,2020-04-09,BR,200000
1405,705,2019-11-21,BR,120000
1406,637,2019-12-22,CO,80000
1407,205,2020-11-16,CO,200000
1408,522,2019-07-11,US,100000
1409,453,2021-10-02,ES,140000
1410,277,2021-09-26,CO,20000
1411,537,2020-09-28,ES,120000
1412,735,2021-08-29,ES,140000
1413,460,2020-11-06,CO,200000
1414,366,2020-07-20,ES,200000
1415,594,2021-02-14,CO,40000
1416,48,2021-06-25,BR,100000
1417,361,2020-05-22,BR,200000
1418,296,2019-11-27,BR,60000
1419,776,2020-06-25,BR,120000
1420,48,2020-03-16,CO,40000
1421,38,2019-07-08,CO,140000
1422,693,2020-01-10,US,40000
1423,107,2019-11-13,CO,140000
1424,298,2020-05-24,ES,40000
1425,183,2021-03-31,BR,100000
1426,542,2021-03-16,CO,140000
1427,302,2021-03-08,ES,160000
1428,156,2019-10-22,BR,100000
1429,743,2020-11-21,CO,80000
1430,600,2021-01-03,BR,120000
1431,403,2019-12-01,US,20000
1432,85,2021-04-08,CO,100000
1433,114,2021-02-17,US,100000
1434,625,2019-03-01,ES,120000
1435,15,2021-10-05,CO,40000
1436,345,2019-09-02,ES,180000
1437,529,2019-12-25,BR,180000
1438,131,2019-12-14,CO,40000
1439,743,2020-01-19,US,60000
1440,418,2021-07-12,BR,60000
1441,81,2020-05-16,CO,20000
1442,546,2021-11-20,US,160000
1443,611,2020-05-04,US,80000
1444,339,2020-09-23,US,140000
1445,317,2021-03-23,BR,120000
1446,139,2019-01-06,CO,60000
1447,478,2019-06-23,BR,140000
1448,680,2019-06-30,CO,80000
1449,677,2019-03-05,BR,60000
1450,555,2020-07-05,ES,160000
1451,545,2021-04-06,BR,20000
1452,375,2019-11-28,BR,120000
1453,3,2019-04-30,ES,100000
1454,513,2020-04-12,CO,180000
1455,798,2019-08-12,US,100000
1456,419,2019-04-24,US,180000
1457,469,2019-03-05,BR,40000
1458,355,2021-10-12,US,120000
1459,161,2021-08-15,US,120000
1460,231,2021-06-30,CO,60000
1461,741,2019-06-25,CO,200000
1462,80,2020-10-09,ES,20000
1463,767,2021-04-29,BR,200000
1464,462,2019-09-03,BR,60000
1465,200,2021-10-27,BR,200000
1466,780,2019-12-21,ES,100000
1467,357,2021-11-25,ES,120000
1468,388,2019-10-04,US,140000
1469,241,2020-11-12,BR,80000
1470,361,2021-09-28,ES,200000
1471,66,2019-11-30,BR,40000
1472,302,2021-12-26,BR,140000
1473,295,2020-10-23,BR,40000
1474,60,2021-03-07,CO,20000
1475,142,2021-05-18,BR,100000
1476,718,2020-08-25,US,40000
1477,303,2019-04-12,CO,140000
1478,754,2021-01-18,CO,180000
1479,339,2021-11-09,US,100000
1480,171,2021-02-06,CO,140000
1481,259,2021-03-17,CO,80000
1482,177,2021-09-25,US,160000
1483,318,2019-11-06,US,180000
1484,104,2019-06-04,ES,40000
1485,242,2019-07-17,BR,200000
1486,761,2019-12-20,BR,180000
1487,761,2021-05-06,BR,40000
1488,371,2020-07-09,BR,160000
1489,25,2021-06-08,CO,40000
1490,319,2020-07-25,US,200000
1491,380,2021-01-07,ES,120000
1492,143,2021-07-13,ES,80000
1493,278,2020-06-01,ES,80000
1494,423,2019-10-08,ES,200000
1495,140,2021-12-21,US,60000
1496,187,2021-10-28,ES,40000
1497,358,2020-06-16,ES,80000
1498,765,2021-02-08,US,100000
1499,270,2020-07-23,CO,20000
1500,398,2021-09-29,CO,200000
1501,791,2021-01-08,BR,40000
1502,647,2021-03-29,ES,120000
1503,790,2020-03-07,ES,120000
1504,200,2020-10-31,US,20000
1505,567,2019-01-21,ES,180000
1506,520,2019-02-28,ES,160000
1507,734,2019-11-27,BR,120000
1508,165,2020-08-11,BR,20000
1509,374,2020-01-05,BR,40000
1510,759,2019-08-26,US,80000
1511,734,2019-11-30,US,120000
1512,389,2020-08-29,ES,120000
1513,558,2021-05-15,BR,40000
1514,4,2021-08-01,BR,180000
1515,63,2019-11-16,BR,120000
1516,568,2020-03-02,CO,200000
1517,508,2020-08-24,CO,160000
1518,76,2020-11-16,CO,140000
1519,382,2021-09-29,US,180000
1520,719,2019-02-19,BR,20000
1521,89,2021-10-18,CO,60000
1522,177,2021-06-09,ES,120000
1523,259,2020-07-04,ES,200000
1524,294,2019-09-27,US,40000
1525,258,2019-03-31,BR,120000
1526,798,2021-06-18,ES,180000
1527,268,2021-06-06,CO,20000
1528,188,2021-08-01,CO,100000
1529,131,2019-11-20,CO,120000
1530,387,2019-05-19,ES,200000
1531,83,2020-06-08,BR,140000
1532,657,2020-08-02,US,120000
1533,212,2020-10-04,BR,100000
1534,709,2020-05-01,ES,20000
1535,443,2021-06-29,ES,100000
1536,793,2021-04-30,US,160000
1537,345,2020-11-02,US,20000
1538,617,2019-07-02,BR,80000
1539,257,2019-08-16,CO,60000
1540,682,2019-09-11,ES,20000
1541,697,2021-02-27,ES,200000
1542,581,2020-11-21,US,120000
1543,511,2021-04-18,CO,180000
1544,412,2020-12-02,ES,120000
1545,621,2020-06-07,ES,160000
1546,428,2020-11-08,CO,60000
1547,213,2019-08-29,BR,20000
1548,372,2020-08-27,CO,200000
1549,685,2019-09-28,CO,120000
1550,690,2020-12-18,CO,120000
1551,437,2020-12-15,CO,160000
1552,284,2019-08-12,US,60000
1553,346,2019-04-06,US,200000
1554,487,2021-03-08,ES,20000
1555,455,2019-04-16,BR,160000
1556,336,2019-06-04,BR,60000
1557,580,2019-09-20,CO,40000
1558,440,2019-05-27,US,80000
1559,408,2020-09-16,US,100000
1560,98,2019-06-24,BR,60000
1561,130,2020-08-16,BR,160000
1562,278,2019-05-08,US,60000
1563,477,2021-01-10,ES,120000
1564,667,2019-01-10,BR,100000
1565,580,2019-05-07,BR,160000
1566,422,2019-01-08,BR,60000
1567,570,2020-08-10,BR,100000
1568,641,2020-11-07,CO,60000
1569,179,2019-08-31,US,60000
1570,663,2019-09-16,US,120000
1571,715,2019-05-04,US,20000
1572,650,2019-08-25,CO,160000
1573,347,2019-06-29,CO,140000
1574,320,2021-07-18,CO,80000
1575,251,2021-03-20,US,160000
1576,538,2020-06-22,US,20000
1577,50,2019-03-27,ES,140000
1578,445,2020-04-10,US,160000
1579,177,2019-08-17,US,80000
1580,166,2021-12-28,US,140000
1581,411,2021-12-12,BR,60000
1582,397,2021-09-08,US,100000
1583,46,2020-11-26,CO,40000
1584,273,2019-03-26,CO,80000
1585,312,2021-09-13,ES,200000
1586,252,2021-06-08,BR,40000
1587,749,2021-08-18,BR,140000
1588,462,2019-10-02,ES,100000
1589,688,2021-06-07,BR,100000
1590,78,2020-07-28,ES,80000
1591,224,2021-08-13,US,140000
1592,503,2021-04-04,CO,200000
1593,373,2020-04-21,BR,40000
1594,676,2019-05-20,ES,200000
1595,485,2021-03-28,BR,20000
1596,781,2020-03-10,BR,80000
1597,305,2019-02-17,ES,120000
1598,569,2021-08-23,CO,100000
1599,114,2021-09-22,US,160000
1600,4,2020-01-03,CO,60000
1601,167,2021-12-24,ES,140000
1602,768,2019-07-15,BR,80000
1603,685,2019-09-12,ES,80000
1604,50,2021-10-04,CO,180000
1605,706,2019-06-19,US,20000
1606,167,2021-03-22,ES,160000
1607,477,2019-06-08,ES,160000
1608,174,2021-12-09,BR,100000
1609,57,2020-12-16,BR,180000
1610,459,2019-04-05,US,60000
1611,459,2021-01-18,CO,160000
1612,441,2020-04-26,BR,180000
1613,725,2021-11-26,US,180000
1614,588,2019-10-02,BR,60000
1615,6,2019-08-18,ES,40000
1616,341,2019-03-12,BR,160000
1617,96,2019-05-22,ES,20000
1618,681,2021-03-26,CO,140000
1619,690,2021-08-30,US,100000
1620,469,2021-04-29,BR,180000
1621,741,2021-06-26,US,180000
1622,769,2021-12-30,US,60000
1623,12,2019-07-13,BR,120000
1624,438,2019-07-26,US,140000
1625,476,2020-12-13,BR,140000
1626,224,2021-01-25,BR,120000
1627,562,2019-08-10,US,160000
1628,290,2021-06-15,US,20000
1629,623,2019-01-14,BR,160000
1630,75,2019-03-25,BR,160000
1631,138,2020-06-02,ES,160000
1632,691,2020-12-22,ES,120000
1633,231,2020-09-01,BR,40000
1634,614,2019-06-14,ES,40000
1635,393,2019-04-13,ES,20000
1636,506,2019-07-09,US,20000
1637,530,2019-01-18,CO,60000
1638,362,2021-01-08,CO,200000
1639,61,2021-09-23,BR,180000
1640,254,2021-05-17,US,20000
1641,646,2021-10-09,US,40000
1642,56,2019-11-15,CO,60000
1643,346,2020-11-20,US,180000
1644,159,2019-06-05,BR,20000
1645,169,2020-08-27,BR,100000
1646,388,2019-12-10,ES,200000
1647,54,2021-09-18,CO,20000
1648,478,2019-02-26,BR,100000
1649,265,2021-08-30,CO,20000
1650,737,2021-03-25,CO,20000
1651,519,2019-10-24,US,40000
1652,426,2021-07-25,CO,80000
1653,341,2021-04-28,ES,140000
1654,55,2021-04-09,CO,160000
1655,336,2021-06-13,CO,40000
1656,569,2019-01-13,BR,100000
1657,696,2019-11-11,ES,40000
1658,217,2021-10-25,BR,100000
1659,58,2020-07-14,ES,40000
1660,436,2021-09-14,ES,100000
1661,200,2020-11-06,CO,20000
1662,764,2021-09-18,ES,120000
1663,199,2019-08-12,CO,160000
1664,460,2021-02-05,BR,140000
1665,178,2021-12-30,CO,180000
1666,550,2020-03-02,CO,40000
1667,784,2019-11-14,ES,140000
1668,402,2020-02-15,BR,160000
1669,439,2021-12-19,BR,100000
1670,368,2019-03-31,US,40000
1671,702,2019-05-30,CO,100000
1672,401,2019-07-18,BR,40000
1673,413,2019-01-17,CO,180000
1674,426,2021-05-13,ES,40000
1675,565,2019-03-04,US,40000
1676,692,2020-08-31,ES,180000
1677,775,2019-06-19,BR,160000
1678,51,2020-01-26,BR,60000
1679,685,2021-07-31,ES,40000
1680,411,2021-07-13,ES,140000
1681,797,2019-04-10,ES,80000
1682,282,2020-03-13,US,60000
1683,668,2020-07-23,US,200000
1684,55,2020-11-19,CO,100000
1685,65,2019-10-15,ES,200000
1686,484,2020-06-01,US,200000
1687,666,2019-05-02,US,200000
1688,656,2021-12-04,BR,100000
1689,23,2020-11-25,CO,60000
1690,274,2019-04-05,CO,200000
1691,557,2021-05-01,BR,160000
1692,449,2019-03-01,ES,120000
1693,317,2019-10-07,BR,200000
1694,142,2021-06-19,CO,180000
1695,789,2019-04-28,ES,120000
1696,425,2019-03-02,CO,160000
1697,521,2020-01-14,CO,140000
1698,259,2020-06-12,US,160000
1699,651,2020-11-17,CO,20000
1700,318,2021-12-08,BR,80000
1701,683,2019-09-12,CO,200000
1702,229,2020-10-18,BR,180000
1703,186,2021-03-03,ES,180000
1704,212,2021-06-03,ES,100000
1705,613,2021-05-14,BR,60000
1706,55,2019-05-12,ES,120000
1707,312,2019-08-01,US,100000
1708,629,2019-01-11,ES,20000
1709,193,2019-05-28,US,80000
1710,325,2021-07-12,ES,160000
1711,29,2019-02-28,CO,140000
1712,212,2019-05-04,CO,120000
1713,461,2019-07-03,CO,60000
1714,215,2020-10-30,US,120000
1715,62,2021-10-18,US,160000
1716,430,2019-08-31,US,20000
1717,367,2021-12-05,US,120000
1718,313,2019-02-09,CO,160000
1719,58,2020-10-06,US,60000
1720,754,2021-08-18,BR,60000
1721,82,2021-07-13,BR,40000
1722,799,2021-07-08,CO,120000
1723,1,2019-03-01,BR,80000
1724,524,2021-01-15,BR,180000
1725,614,2021-05-21,BR,180000
1726,328,2020-09-03,US,180000
1727,583,2020-06-25,US,80000
1728,781,2021-08-28,BR,200000
1729,91,2021-07-04,US,160000
1730,25,2020-08-19,CO,160000
1731,467,2021-08-07,US,60000
1732,794,2021-04-16,CO,20000
1733,687,2019-03-11,ES,180000
1734,60,2021-10-24,CO,200000
1735,617,2020-06-17,BR,120000
1736,707,2021-07-21,BR,60000
1737,264,2021-11-02,BR,120000
1738,83,2020-11-02,BR,200000
1739,634,2019-02-11,ES,140000
1740,567,2021-04-24,CO,20000
1741,375,2020-05-05,US,140000
1742,412,2021-10-19,CO,20000
1743,333,2019-05-17,ES,180000
1744,760,2021-08-27,US,20000
1745,68,2019-08-28,CO,200000
1746,625,2021-07-08,ES,60000
1747,490,2020-02-05,CO,140000
1748,455,2021-07-26,US,200000
1749,580,2021-02-20,US,140000
1750,266,2019-11-14,BR,120000
1751,415,2020-07-03,CO,80000
1752,476,2021-09-19,CO,20000
1753,241,2020-02-22,ES,120000
1754,679,2019-06-24,ES,120000
1755,338,2020-08-11,CO,60000
1756,494,2021-11-21,US,200000
1757,588,2020-10-22,US,60000
1758,729,2020-01-12,CO,160000
1759,603,2020-12-24,BR,20000
1760,195,2021-09-18,BR,140000
1761,361,2021-01-22,US,20000
1762,362,2019-07-12,ES,40000
1763,624,2019-09-08,CO,100000
1764,667,2020-03-02,ES,100000
1765,582,2019-12-05,US,180000
1766,679,2020-12-28,US,120000
1767,163,2019-01-26,BR,160000
1768,647,2020-03-05,CO,60000
1769,551,2021-05-10,BR,60000
1770,358,2020-02-11,CO,100000
1771,30,2019-04-04,BR,80000
1772,185,2021-03-28,ES,120000
1773,54,2019-04-15,ES,40000
1774,301,2021-07-13,BR,140000
1775,391,2020-09-17,CO,200000
1776,692,2021-07-03,BR,80000
1777,223,2021-08-27,US,120000
1778,452,2021-05-27,US,40000
1779,118,2021-09-15,BR,180000
1780,6,2020-06-09,BR,120000
1781,427,2020-04-06,ES,160000
1782,238,2020-09-17,CO,60000
1783,398,2021-09-27,CO,80000
1784,578,2021-04-12,BR,80000
1785,349,2019-04-24,BR,200000
1786,229,2019-04-24,ES,180000
1787,366,2021-08-08,CO,200000
1788,58,2021-07-07,US,160000
1789,688,2020-12-08,BR,160000
1790,429,2019-10-15,CO,100000
1791,307,2019-03-10,US,160000
1792,533,2019-11-06,US,200000
1793,468,2020-07-12,CO,120000
1794,714,2020-08-06,US,180000
1795,710,2019-12-20,CO,20000
1796,517,2019-11-25,ES,80000
1797,26,2021-06-07,BR,140000
1798,73,2021-03-21,ES,60000
1799,351,2020-12-22,ES,60000
1800,430,2019-06-07,US,160000
1801,452,2020-12-11,ES,120000
1802,496,2021-11-15,BR,60000
1803,712,2020-12-30,US,200000
1804,662,2019-10-13,ES,160000
1805,457,2020-01-03,BR,200000
1806,228,2020-02-01,BR,160000
1807,684,2021-08-14,BR,200000
1808,577,2019-09-02,BR,20000
1809,158,2021-12-28,ES,120000
1810,286,2020-03-24,ES,40000
1811,403,2020-05-06,ES,120000
1812,451,2020-10-08,ES,140000
1813,741,2020-08-10,CO,140000
1814,459,2020-10-21,BR,140000
1815,349,2020-12-26,CO,140000
1816,327,2019-11-19,BR,140000
1817,117,2020-10-02,CO,140000
1818,784,2021-04-17,CO,40000
1819,188,2020-11-26,CO,120000
1820,302,2019-12-27,US,120000
1821,73,2019-09-02,US,40000
1822,434,2019-03-06,BR,100000
1823,678,2021-08-08,ES,200000
1824,570,2019-06-07,CO,100000
1825,385,2019-06-18,ES,160000
1826,363,2021-06-11,ES,160000
1827,170,2021-03-20,CO,100000
1828,567,2019-03-24,BR,40000
1829,112,2019-05-06,CO,140000
1830,156,2019-09-10,CO,40000
1831,149,2021-01-20,BR,120000
1832,393,2019-05-22,US,20000
1833,286,2021-01-23,ES,180000
1834,776,2020-11-01,BR,40000
1835,672,2020-12-09,US,40000
1836,168,2019-01-21,ES,80000
1837,25,2021-05-24,BR,200000
1838,560,2021-10-02,BR,60000
1839,507,2021-06-13,CO,100000
1840,18,2020-01-15,US,200000
1841,376,2020-12-10,BR,180000
1842,550,2020-02-02,CO,80000
1843,728,2020-10-24,CO,200000
1844,571,2020-11-12,ES,40000
1845,537,2021-02-22,ES,100000
1846,692,2020-12-18,ES,20000
1847,708,2020-06-15,BR,40000
1848,374,2020-10-24,ES,200000
1849,757,2020-02-11,US,120000
1850,206,2020-05-20,US,20000
1851,686,2021-09-09,ES,160000
1852,434,2021-03-27,US,100000
1853,43,2021-08-07,BR,80000
1854,228,2020-01-31,ES,100000
1855,404,2020-12-19,BR,120000
1856,638,2021-09-23,BR,200000
1857,449,2020-06-10,US,160000
1858,386,2021-08-27,BR,100000
1859,471,2019-09-11,ES,40000
1860,631,2020-03-24,CO,40000
1861,184,2021-11-11,ES,200000
1862,755,2019-07-14,CO,200000
1863,192,2019-09-12,CO,100000
1864,592,2021-08-28,CO,40000
1865,14,2020-12-26,BR,60000
1866,3,2020-09-08,US,200000
1867,650,2020-01-13,ES,140000
1868,472,2021-10-08,US,100000
1869,49,2019-05-30,BR,140000
1870,541,2019-04-05,CO,60000
1871,797,2021-03-20,US,20000
1872,175,2020-02-02,US,60000
1873,551,2019-03-28,CO,80000
1874,734,2021-04-19,BR,140000
1875,99,2019-09-15,BR,60000
1876,582,2019-09-25,US,100000
1877,220,2021-11-13,ES,140000
1878,764,2019-07-05,ES,60000
1879,336,2021-05-25,ES,80000
1880,149,2020-05-12,US,120000
1881,325,2021-08-19,CO,200000
1882,548,2021-01-26,US,80000
1883,426,2020-09-25,US,140000
1884,613,2019-04-25,BR,160000
1885,479,2021-12-31,US,200000
1886,490,2019-04-19,CO,40000
1887,699,2019-09-22,CO,180000
1888,117,2019-05-31,BR,160000
1889,577,2020-12-02,ES,60000
1890,145,2020-03-25,CO,20000
1891,325,2021-11-18,BR,20000
1892,288,2021-08-06,ES,160000
1893,577,2021-04-02,BR,60000
1894,760,2019-03-01,BR,40000
1895,61,2021-02-13,US,140000
1896,220,2021-06-13,US,20000
1897,71,2020-12-25,CO,80000
1898,126,2021-02-25,ES,200000
1899,600,2019-01-07,US,20000
1900,777,2019-01-29,US,80000
1901,159,2019-11-27,BR,140000
1902,387,2021-08-09,CO,180000
1903,797,2021-02-14,CO,100000
1904,292,2020-03-02,US,40000
1905,124,2021-11-20,BR,80000
1906,701,2021-02-04,US,80000
1907,692,2021-12-05,US,120000
1908,256,2019-02-19,CO,60000
1909,211,2020-01-26,ES,140000
1910,84,2020-12-12,US,40000
1911,739,2020-12-24,CO,140000
1912,22,2021-10-22,BR,60000
1913,713,2020-01-11,US,40000
1914,567,2019-07-22,BR,80000
1915,524,2019-10-14,US,20000
1916,521,2019-08-07,US,180000
1917,103,2020-04-14,US,60000
1918,590,2021-12-15,ES,80000
1919,438,2019-05-17,US,80000
1920,149,2021-05-25,ES,60000
1921,71,2020-07-03,ES,20000
1922,492,2020-08-08,ES,40000
1923,177,2020-09-30,CO,200000
1924,547,2020-04-15,BR,180000
1925,399,2019-12-17,BR,200000
1926,18,2020-11-07,ES,40000
1927,51,2019-09-15,BR,160000
1928,397,2019-07-23,US,20000
1929,254,2019-07-20,US,140000
1930,250,2021-05-04,CO,160000
1931,779,2021-03-10,ES,80000
1932,581,2020-07-14,CO,20000
1933,218,2020-05-27,ES,160000
1934,109,2021-05-25,ES,200000
1935,64,2021-11-15,ES,120000
1936,332,2019-05-24,BR,160000
1937,536,2020-05-26,ES,200000
1938,76,2020-09-24,ES,200000
1939,419,2019-03-15,CO,200000
1940,274,2020-10-30,US,60000
1941,367,2020-11-09,CO,160000
1942,59,2020-11-29,BR,160000
1943,400,2021-02-18,US,200000
1944,735,2020-08-01,US,120000
1945,346,2020-05-28,ES,120000
1946,144,2021-11-22,ES,40000
1947,578,2019-05-29,BR,60000
1948,553,2021-11-09,BR,120000
1949,749,2021-12-03,CO,160000
1950,323,2020-07-26,ES,60000
1951,522,2021-05-24,ES,120000
1952,588,2020-03-27,BR,60000
1953,441,2019-08-02,BR,140000
1954,280,2019-01-04,BR,80000
1955,772,2019-06-07,CO,160000
1956,460,2021-06-29,BR,180000
1957,287,2019-06-26,CO,80000
1958,747,2021-06-06,ES,20000
1959,625,2021-02-19,ES,120000
1960,787,2019-03-04,US,20000
1961,541,2019-10-06,CO,160000
1962,243,2020-04-03,US,100000
1963,228,2019-11-09,BR,100000
1964,605,2021-07-21,ES,180000
1965,257,2020-03-14,CO,140000
1966,170,2021-11-19,CO,180000
1967,299,2020-02-21,BR,200000
1968,627,2019-10-10,CO,200000
1969,218,2019-04-09,BR,60000
1970,399,2021-07-23,CO,120000
1971,30,2020-05-25,ES,80000
1972,84,2019-10-02,ES,40000
1973,404,2021-06-11,ES,180000
1974,71,2021-06-15,US,60000
1975,185,2019-01-09,CO,200000
1976,13,2019-11-23,CO,120000
1977,432,2021-06-23,BR,200000
1978,492,2021-05-06,US,160000
1979,289,2021-02-22,CO,140000
1980,70,2019-04-18,CO,40000
1981,415,2020-02-04,ES,40000
1982,389,2021-07-06,US,200000
1983,377,2019-07-15,US,60000
1984,233,2020-04-07,BR,60000
1985,263,2021-03-12,US,60000
1986,68,2020-01-15,CO,160000
1987,749,2020-06-16,CO,100000
1988,301,2019-01-03,ES,140000
1989,221,2019-01-12,BR,60000
1990,266,2021-11-05,BR,160000
1991,771,2019-03-15,CO,140000
1992,705,2021-07-14,CO,20000
1993,741,2020-03-06,CO,40000
1994,493,2021-06-08,US,60000
1995,549,2020-07-10,ES,180000
1996,203,2020-12-04,BR,100000
1997,214,2021-06-09,BR,40000
1998,444,2021-06-06,US,120000
1999,411,2020-07-02,CO,180000
2000,702,2021-01-21,ES,200000
